SETTLEMENTDATE,BANGOWF,BAYSW,BERYLSF,BHILLGT,BOCOROCK,BODWF,BOMENSF,BROKENH,CAPTL_WF,COLEASF,COLONGRA,COLWF0,CROOKWF,CRURWF,CRWASF,CULLERIN,DARLSF1,DG_NSW1,ERARING,ERGT01,FINLYSF,GNNDHSF,GOONSF,GRIFSF,GULLRGWF,GULLRSF,GULLRWF,GUNNING,HEZ1,HILLSTN,HUMENSW,JEMALNG,JUNEESF,LIDDELL,LIMOSF1,LIMOSF2,MANSLR,METZSF,MLSP,MOLNGSF,MOREESF,MP,NETIC,NEVERSF,NYNGAN,PARSF,ROYALLA,SAPHWF,SEBSF,SHOALHAV,SITHE,SNOWY1,SNOWY2,SNOWY3,SNOWY6,STWF,SUNRSF,SUNTPSF,TALLAWAR,TARALGA,URANQ,VP,WAGGNSF,WALGRV,WELLSF,WOODLWN,WRSF,WRWF,QBYNB,WSTWYSF
2022-12-12 00:00:00,91.5986,1190.05,0.0,0,99.59,14.4328,0.0,0.0,75.0363,0.0,0.0,120.053,85.8137,71.2997,0.0,-0.05,0.0,0,1116.61,0.0,0.0,0.0,0.0,0.001526,130.083,0.0,104.992,33.7331,0.0,0.0,41.832,0.0,0.0,587.86,0.0,0.0,0.0,0.0,0.019,0.0,0.0,418.891,860.270019531,0.0,0.0,0.00153,0.0,230.364,0.0,0.0,0.2041,115.84,245.028,60.8,66.0,140.852,0.0,0.0,0,3.23369,0.0,950.151,0.0,0.0,0.0,18.9363,0.0,107.146,0.0,0.0
2022-12-12 00:05:00,89.696,1193.27,0.0,0,100.09,18.703,0.0,0.0,80.4778,0.0,0.0,122.683,84.6235,74.8973,0.0,-0.02,0.0,0,1172.15,0.0,0.0,0.0,0.0,0.001526,125.453,0.0,107.994,31.2638,0.0,0.0,41.7458,0.0,0.0,596.045,0.0,0.0,0.0,0.0,0.019,0.0,0.0,402.191,708.849975586,0.0,0.0,0.00153,0.0,225.988,0.0,0.0,0.184,-1.84,366.299,62.0,66.0,143.401,0.0,0.0,0,3.35454,0.0,967.095,0.0,0.14986,0.0,19.0594,0.0,106.662,0.0,0.0
2022-12-12 00:10:00,90.3962,1183.48,0.0,0,99.75,21.261,0.0,0.0,84.931,0.0,0.0,127.001,86.2556,78.6985,0.0,0.0,0.0,0,1196.95,0.0,0.0,0.0,0.0,0.001526,129.053,0.0,107.474,31.1591,0.0,0.0,41.6566,0.0,0.0,591.321,0.0,0.0,0.0,0.0,0.019,0.0,0.0,380.511,700.380004883,0.0,0.0,0.00153,0.0,215.679,0.0,0.0,0.15386,0.0,372.284,60.7,65.9,133.997,0.0,0.0,0,3.42779,0.0,955.303,0.0,0.0,0.0,23.1464,0.0,105.043,0.0,0.0
2022-12-12 00:15:00,89.3972,1198.13,0.0,0,100.88,27.9321,0.0,0.0,82.1145,0.0,0.0,122.237,86.634,89.4958,0.0,-0.05,0.0,0,1201.32,0.0,0.0,0.0,0.0,0.001526,131.993,0.0,103.995,31.8415,0.0,0.0,42.1827,0.0,0.0,597.821,0.0,0.0,0.0,0.0,0.019,0.0,0.0,364.593,648.869995117,0.0,0.0,0.00153,0.0,212.09,0.0,0.0,0.1639,0.0,382.614,61.9,65.8,132.03,0.0,0.0,0,3.64752,0.0,949.174,0.0,0.0,0.0,26.1347,0.0,88.7593,0.0,0.0
2022-12-12 00:20:00,92.2934,1220.17,0.0,0,103.24,35.9931,0.0,0.0,85.3255,0.0,0.0,124.614,86.4436,92.996,0.0,-0.04,0.0,0,1170.39,0.0,0.0,0.0,0.0,0.001526,139.533,0.0,104.947,32.6484,0.0,0.0,41.4505,0.0,0.0,599.908,0.0,0.0,0.0,0.0,0.019,0.0,0.0,354.241,630.869995117,0.0,0.0,0.00153,0.0,216.741,0.0,0.0,0.21414,0.0,395.205,63.5,65.8,128.372,0.0,0.0,0,3.66949,0.0,936.601,0.0,0.15358,0.0,30.9863,0.0,82.182,0.0,0.0
2022-12-12 00:25:00,91.298,1193.51,0.0,0,104.82,38.1324,0.0,0.0,89.3256,0.0,0.0,122.415,86.5925,91.2968,0.0,-0.04,0.0,0,1134.65,0.0,0.0,0.0,0.0,0.001526,144.323,0.0,108.737,31.9089,0.0,0.0,41.6566,0.0,0.0,593.994,0.0,0.0,0.0,0.0,0.019,0.0,0.0,345.989,606.729980469,0.0,0.0,0.00153,0.0,217.702,0.0,0.0,0.15386,0.0,378.008,61.6,65.9,135.183,0.0,0.0,0,3.67315,0.0,920.78,0.0,0.0,0.0,29.3427,0.0,85.0068,0.0,0.0
2022-12-12 00:30:00,91.9969,1210.06,0.0,0,107.1,39.4428,0.0,0.0,88.0131,0.0,0.0,139.483,86.4839,95.2971,0.0,-0.05,0.0,0,1129.3,0.0,0.0,0.0,0.0,0.001526,139.353,0.0,108.813,31.9026,0.0,0.0,42.0381,0.0,0.0,606.445,0.0,0.0,0.0,0.0,0.019,0.0,0.0,352.142,670.380004883,0.0,0.0,0.00153,0.0,215.962,0.0,0.0,0.1639,0.0,307.293,62.5,65.9,137.425,0.0,0.0,0,3.61089,0.0,902.713,0.0,0.01582,0.0,30.6084,0.0,89.5479,0.0,0.0
2022-12-12 00:35:00,91.4962,1192.93,0.0,0,107.4,46.2102,0.0,0.0,98.1031,0.0,0.0,155.834,87.2639,87.4956,0.0,-0.05,0.0,0,1124.79,0.0,0.0,0.0,0.0,0.001526,137.373,0.0,108.839,32.2874,0.0,0.0,41.8043,0.0,0.0,599.341,0.0,0.0,0.0,0.0,0.019,0.0,0.0,334.124,741.010009766,0.0,0.0,0.00153,0.0,213.692,0.0,0.0,0.184,0.0,288.196,31.4,65.9,138.358,0.0,0.0,0,3.59625,0.0,920.438,0.0,0.0,0.0,30.5644,0.0,88.3955,0.0,0.0
2022-12-12 00:40:00,90.2972,1195.68,0.0,0,105.82,49.3103,0.0,0.0,93.4506,0.0,0.0,153.494,83.4137,80.296,0.0,-0.04,0.0,0,1108.84,0.0,0.0,0.0,0.0,0.001526,137.153,0.0,108.248,30.7901,0.0,0.0,41.3644,0.0,0.0,588.501,0.0,0.0,0.0,0.0,0.019,0.0,0.0,315.251,695.190002441,0.0,0.0,0.00153,0.0,220.073,0.0,0.0,0.15386,0.0,284.242,30.5,65.9,141.534,0.0,0.0,0,3.6878,0.0,936.528,0.0,0.0,0.0,26.9433,0.0,87.3933,0.0,0.0
2022-12-12 00:45:00,92.1952,1193.41,0.0,0,108.11,52.8332,0.0,0.0,94.5678,0.0,0.0,144.834,87.2236,80.3977,0.0,-0.02,0.0,0,1112.68,0.0,0.0,0.0,0.0,0.001526,133.863,0.0,108.826,31.1265,0.0,0.0,41.6566,0.0,0.0,598.59,0.0,0.0,0.0,0.0,0.019,0.0,0.0,297.258,670.280029297,0.0,0.0,0.00153,0.0,217.116,0.0,0.0,0.15386,0.0,280.04,30.4,65.9,141.797,0.0,0.0,0,3.62921,0.0,950.2,0.0,0.0,0.0,28.0331,0.0,87.7009,0.0,0.0
2022-12-12 00:50:00,91.7967,1202.96,0.0,0,109.01,56.4922,0.0,0.0,88.3412,0.0,0.0,140.105,87.1833,83.7962,0.0,-0.04,0.0,0,1108.5,0.0,0.0,0.0,0.0,0.001526,134.983,0.0,108.908,30.6282,0.0,0.0,41.7458,0.0,0.0,599.084,0.0,0.0,0.0,0.0,0.019,0.0,0.0,281.047,646.599975586,0.0,0.0,0.00153,0.0,221.794,0.0,0.0,0.184,0.0,287.011,31.0,65.9,143.984,0.0,0.0,0,3.64019,0.0,934.867,0.0,0.06236,0.0,29.2812,0.0,88.6506,0.0,0.0
2022-12-12 00:55:00,94.397,1202.01,0.0,0,105.94,60.6514,0.0,0.0,82.5091,0.0,0.0,125.483,86.7451,86.3982,0.0,-0.05,0.0,0,1108.23,0.0,0.0,0.0,0.0,0.001526,136.683,0.0,108.737,34.16,0.0,0.0,41.6259,0.0,0.0,597.565,0.0,0.0,0.0,0.0,0.019,0.0,0.0,278.947,773.890014648,0.0,0.0,0.00153,0.0,218.81,0.0,0.0,0.15386,0.0,210.079,31.4,65.9,143.105,0.0,0.0,0,3.64019,0.0,909.403,0.0,0.0,0.0,26.1435,0.0,90.7832,0.0,0.0
2022-12-12 01:00:00,95.8972,1199.59,0.0,0,105.89,64.8609,0.0,0.0,79.5598,0.0,0.0,116.912,86.6059,85.7964,0.0,-0.05,0.0,0,1097.71,0.0,0.0,0.0,0.0,0.001526,147.233,0.0,108.775,34.1147,0.0,0.0,41.6566,0.0,0.0,595.386,0.0,0.0,0.0,0.0,0.019,0.0,0.0,278.264,713.200012207,0.0,0.0,0.00153,0.0,219.588,0.0,0.0,0.15386,0.0,168.202,31.1,65.9,143.577,0.0,0.0,0,3.44244,0.0,905.789,0.0,0.0,0.0,28.5956,0.0,90.6966,0.0,0.0
2022-12-12 01:05:00,103.595,1214.8,0.0,0,105.76,75.3313,0.0,0.0,71.3683,0.0,0.0,125.017,87.0527,85.5972,0.0,-0.04,0.0,0,1061.11,0.0,0.0,0.0,0.0,0.001526,142.743,0.0,108.762,32.0914,0.0,0.0,41.6566,0.0,0.0,600.879,0.0,0.0,0.0,0.0,0.019,0.0,0.0,285.002,691.440002441,0.0,0.0,0.00153,0.0,211.577,0.0,0.0,0.2041,0.0,232.642,31.6,65.9,143.412,0.0,0.0,0,3.39117,0.0,894.192,0.0,0.0,0.0,29.5273,0.0,98.9914,0.0,0.0
2022-12-12 01:10:00,99.8981,1206.6,0.0,0,92.63,78.019,0.0,0.0,58.0634,0.0,0.0,110.553,86.2934,92.3986,0.0,-0.04,0.0,0,1027.57,0.0,0.0,0.0,0.0,0.001526,150.423,0.0,108.762,31.8296,0.0,0.0,41.7151,0.0,0.0,602.014,0.0,0.0,0.0,0.0,0.019,0.0,0.0,279.362,668.08001709,0.0,0.0,0.00153,0.0,203.328,0.0,0.0,0.1639,0.0,245.204,30.9,65.9,144.818,0.0,0.0,0,3.43145,0.0,903.226,0.0,0.00093,0.0,27.1894,0.0,96.6598,0.0,0.0
2022-12-12 01:15:00,102.795,1210.28,0.0,0,85.98,80.713,0.0,0.0,42.7272,0.0,0.0,94.6655,85.4243,91.996,0.0,-0.03,0.0,0,1023.07,0.0,0.0,0.0,0.0,0.001526,147.153,0.0,108.851,32.3302,0.0,0.0,41.8043,0.0,0.0,602.838,0.0,0.0,0.0,0.0,0.019,0.0,0.0,281.291,689.849975586,0.0,0.0,0.00153,0.0,203.594,0.0,0.0,0.17395,0.0,248.7,31.3,66.1,145.862,0.0,0.0,0,3.49737,0.0,892.581,0.0,0.0,0.0,25.8007,0.0,95.256,0.0,0.0
2022-12-12 01:20:00,94.1972,1198.35,0.0,0,82.85,84.8617,0.0,0.0,22.3441,0.0,0.0,106.648,85.8747,94.6997,0.0,-0.04,0.0,0,1022.76,0.0,0.0,0.0,0.0,0.001526,145.053,0.0,108.794,33.0158,0.0,0.0,42.0073,0.0,0.0,598.59,0.0,0.0,0.0,0.0,0.019,0.0,0.0,281.462,709.130004883,0.0,0.0,0.00153,0.0,209.581,0.0,0.0,0.184,0.0,209.324,30.8,65.8,144.621,0.0,0.0,0,3.29595,0.0,881.155,0.0,0.0,0.0,19.868,0.0,97.7597,0.0,0.0
2022-12-12 01:25:00,91.8965,1191.41,0.0,0,99.92,88.1607,0.0,0.0,11.2052,0.0,0.0,93.8491,85.5341,99.1956,0.0,-0.05,0.0,0,1017.56,0.0,0.0,0.0,0.0,0.001526,149.103,0.0,108.946,33.2594,0.0,0.0,41.6566,0.0,0.0,596.063,0.0,0.0,0.0,0.0,0.019,0.0,0.0,277.116,739.450012207,0.0,0.0,0.00153,0.0,214.708,0.0,0.0,0.17395,0.0,151.514,30.7,65.8,144.742,0.0,0.0,0,3.43877,0.0,869.094,0.0,0.0,0.0,11.3512,0.0,87.9609,0.0,0.0
2022-12-12 01:30:00,91.397,1192.32,0.0,0,109.22,90.9803,0.0,0.0,48.1687,0.0,0.0,93.1014,85.5439,104.298,0.0,-0.03,0.0,0,1017.61,0.0,0.0,0.0,0.0,0.001526,149.713,0.0,108.946,32.9658,0.0,0.0,41.6259,0.0,0.0,591.98,0.0,0.0,0.0,0.0,0.019,0.0,0.0,278.19,779.590026855,0.0,0.0,0.00153,0.0,218.489,0.0,0.0,0.15386,0.0,127.63,30.9,65.8,145.84,0.0,0.0,0,1.55459,0.0,856.813,0.0,0.0,0.0,18.198,0.0,84.4575,0.0,0.0
2022-12-12 01:35:00,83.8983,1168.15,0.0,0,109.32,90.8316,0.0,0.0,17.303,0.0,0.0,91.4931,85.6233,105.9,0.0,-0.05,0.0,0,963.357,0.0,0.0,0.0,0.0,0.001526,148.763,0.0,108.908,32.6817,0.0,0.0,41.8043,0.0,0.0,589.288,0.0,0.0,0.0,0.0,0.019,0.0,0.0,267.082,804.429992676,0.0,0.0,0.00153,0.0,222.536,0.0,0.0,0.184,0.0,150.338,29.7,66.0,144.939,0.0,0.0,0,1.94644,0.0,848.195,0.0,0.0,0.0,26.9081,0.0,91.5743,0.0,0.0
2022-12-12 01:40:00,88.1933,1181.67,0.0,0,109.65,92.2634,0.0,0.0,0.0,0.0,0.0,98.5214,86.3545,117.197,0.0,-0.03,0.0,0,931.374,0.0,0.0,0.0,0.0,0.001526,150.843,0.0,108.927,32.7452,0.0,0.0,41.8627,0.0,0.0,586.431,0.0,0.0,0.0,0.0,0.019,0.0,0.0,275.48,836.869995117,0.0,0.0,0.00153,0.0,229.503,0.0,0.0,0.1639,0.0,91.4769,30.6,65.8,143.698,0.0,0.0,0,1.19936,0.0,823.56,0.0,0.0,0.0,8.2135,0.0,94.012,0.0,0.0
2022-12-12 01:45:00,90.9962,1191.05,0.0,0,108.94,95.0097,0.0,0.0,0.0,0.0,0.0,77.9934,85.8442,121.799,0.0,-0.08,0.0,0,954.47,0.0,0.0,0.0,0.0,0.001526,151.883,0.0,108.889,33.0301,0.0,0.0,41.5982,0.0,0.0,594.653,0.0,0.0,0.0,0.0,0.019,0.0,0.0,277.702,883.849975586,0.0,0.0,0.00153,0.0,224.504,0.0,0.0,0.1639,0.0,12.8709,30.9,65.8,144.203,0.0,0.0,0,1.17739,0.0,844.874,0.0,0.0,0.0,0.0,0.0,91.9942,0.0,0.0
2022-12-12 01:50:00,96.5985,1219.39,0.0,0,109.25,94.4718,0.0,0.0,0.0,0.0,0.0,74.2046,86.5534,129.198,0.0,-0.06,0.0,0,943.386,0.0,0.0,0.0,0.0,0.001526,148.113,0.0,108.953,32.4834,0.0,0.0,41.5982,0.0,0.0,603.589,0.0,0.0,0.0,0.0,0.019,0.0,0.0,280.412,896.16998291,0.0,0.0,0.00153,0.0,218.993,0.0,0.0,0.15386,0.0,39.6055,31.9,66.1,144.258,0.0,0.0,0,1.14076,0.0,826.295,0.0,0.0,0.0,0.0,0.0,85.3132,0.0,0.0
2022-12-12 01:55:00,96.3945,1210.06,0.0,0,108.98,94.6225,0.0,0.0,0.0,0.0,0.0,61.9989,86.3532,134.999,0.0,-0.04,0.0,0,965.31,0.0,0.0,0.0,0.0,0.001526,147.643,0.0,109.118,31.4693,0.0,0.0,41.6566,0.0,0.0,596.393,0.0,0.0,0.0,0.0,0.019,0.0,0.0,279.411,894.41998291,0.0,0.0,0.00153,0.0,216.384,0.0,0.0,0.184,0.0,49.762,31.6,66.1,146.291,0.0,0.0,0,1.51064,0.0,792.969,0.0,0.0121,0.0,3.62554,0.0,82.2797,0.0,0.0
2022-12-12 02:00:00,94.7969,1202.69,0.0,0,109.16,96.8518,0.0,0.0,0.0,0.0,0.0,54.3175,86.175,135.999,0.0,-0.06,0.0,0,964.944,0.0,0.0,0.0,0.0,0.001526,147.353,0.0,109.118,31.3162,0.0,0.0,41.6874,0.0,0.0,590.387,0.0,0.0,0.0,0.0,0.019,0.0,0.0,278.581,941.809997559,0.0,0.0,0.00153,0.0,212.969,0.0,0.0,0.15386,0.0,49.9654,31.4,66.0,144.764,0.0,0.0,0,1.53262,0.0,784.106,0.0,0.13683,0.0,8.50355,0.0,82.3835,0.0,0.0
2022-12-12 02:05:00,96.2952,1226.89,0.0,0,109.09,97.9612,0.0,0.0,0.0,0.0,0.0,66.0639,86.4338,135.898,0.0,-0.04,0.0,0,973.513,0.0,0.0,0.0,0.0,0.001526,148.383,0.0,108.997,30.7838,0.0,0.0,41.6566,0.0,0.0,601.886,0.0,0.0,0.0,0.0,0.019,0.0,0.0,284.977,952.450012207,0.0,0.0,0.00153,0.0,209.892,0.0,0.0,0.14381,0.0,47.7734,32.3,65.7,144.522,0.0,0.0,0,1.81827,0.0,755.101,0.0,0.00093,0.0,6.71055,0.0,70.3191,0.0,0.0
2022-12-12 02:10:00,94.194,1203.81,0.0,0,108.91,97.7623,0.0,0.0,6.35752,0.0,0.0,76.7956,85.6147,135.898,0.0,-0.04,0.0,0,1014.46,0.0,0.0,0.0,0.0,0.001526,147.363,0.0,108.908,32.8079,0.0,0.0,41.6566,0.0,0.0,604.761,0.0,0.0,0.0,0.0,0.019,0.0,0.0,279.802,764.700012207,0.0,0.0,0.00153,0.0,210.323,0.0,0.0,0.15386,0.0,165.383,30.9,66.0,146.477,0.0,0.0,0,1.62417,0.0,781.933,0.0,0.0,0.0,9.26821,0.0,79.7516,0.0,0.0
2022-12-12 02:15:00,90.7946,1192.66,0.0,0,106.19,98.1517,0.0,0.0,9.69741,0.0,0.0,89.131,85.8027,134.897,0.0,-0.05,0.0,0,1015.56,0.0,0.0,0.0,0.0,0.001526,143.533,0.0,107.899,32.1104,0.0,0.0,41.5982,0.0,0.0,594.836,0.0,0.0,0.0,0.0,0.019,0.0,0.0,277.385,737.809997559,0.0,0.0,0.00153,0.0,203.877,0.0,0.0,0.17395,0.0,162.412,30.9,65.7,146.763,0.0,0.0,0,3.66949,0.0,812.476,0.0,0.05678,0.0,5.09334,0.0,72.968,0.0,0.0
2022-12-12 02:20:00,90.2972,1185.65,0.0,0,104.83,96.902,0.0,0.0,13.4983,0.0,0.0,113.036,84.6247,135.499,0.0,-0.06,0.0,0,961.965,0.0,0.0,0.0,0.0,0.001526,146.223,0.0,107.798,29.7459,0.0,0.0,41.9489,0.0,0.0,597.656,0.0,0.0,0.0,0.0,0.019,0.0,0.0,276.579,690.33001709,0.0,0.0,0.00153,0.0,202.074,0.0,0.0,0.15386,0.0,158.55,30.6,65.8,146.499,0.0,0.0,0,3.64019,0.0,839.235,0.0,0.0,0.0,4.3111,0.0,72.0208,0.0,0.0
2022-12-12 02:25:00,90.4942,1189.85,0.0,0,107.76,98.9115,0.0,0.0,7.53722,0.0,0.0,157.443,86.6938,135.397,0.0,-0.07,0.0,0,956.936,0.0,0.0,0.0,0.0,0.001526,145.733,0.0,107.905,32.8127,0.0,0.0,41.7735,0.0,0.0,594.269,0.0,0.0,0.0,0.0,0.019,0.0,0.0,278.605,701.260009766,0.0,0.0,0.00153,0.0,207.466,0.0,0.0,0.14381,0.0,108.943,30.8,66.1,145.84,0.0,0.0,0,3.61456,0.0,824.512,0.0,0.0,0.0,13.2058,0.0,70.0871,0.0,0.0
2022-12-12 02:30:00,92.8961,1197.78,0.0,0,108.29,99.4306,0.0,0.0,0.0,0.0,0.0,171.923,86.3935,136.398,0.0,-0.03,0.0,0,960.476,0.0,0.0,0.0,0.0,0.001526,148.403,0.0,108.045,32.358,0.0,0.0,41.8627,0.0,0.0,598.993,0.0,0.0,0.0,0.0,0.019,0.0,0.0,281.34,762.739990234,0.0,0.0,0.00153,0.0,206.505,0.0,0.0,0.1639,0.0,7.66457,31.3,65.9,142.808,0.0,0.0,0,3.59625,0.0,835.133,0.0,0.02885,0.0,12.0983,0.0,64.6415,0.0,0.0
2022-12-12 02:35:00,93.7973,1217.51,0.0,0,108.04,97.6723,0.0,0.0,25.0355,0.0,0.0,165.238,84.8456,136.597,0.0,-0.05,0.0,0,948.757,0.0,0.0,0.0,0.0,0.001526,145.313,0.0,101.094,34.2822,0.0,0.0,41.5982,0.0,0.0,602.93,0.0,0.0,0.0,0.0,0.019,0.0,0.0,283.464,776.570007324,0.0,0.0,0.00153,0.0,207.869,0.0,0.0,0.15386,0.0,0.88855,31.6,65.9,138.249,0.0,0.0,0,3.49371,0.0,813.648,0.0,0.0,0.0,17.8025,0.0,57.5418,0.0,0.0
2022-12-12 02:40:00,98.3977,1197.13,0.0,0,103.34,98.3526,0.0,0.0,57.5399,0.0,0.0,120.859,86.385,136.499,0.0,-0.02,0.0,0,959.548,0.0,0.0,0.0,0.0,0.001526,144.883,0.0,101.221,29.4888,0.0,0.0,41.5674,0.0,0.0,595.825,0.0,0.0,0.0,0.0,0.019,0.0,0.0,279.728,725.530029297,0.0,0.0,0.00153,0.0,207.659,0.0,0.0,0.184,0.0,15.4737,31.2,66.2,136.765,0.0,0.0,0,3.27398,0.0,831.227,0.0,0.00093,0.0,27.6288,0.0,54.6218,0.0,0.0
2022-12-12 02:45:00,96.9959,1229.86,0.0,0,99.71,96.521,0.0,0.0,68.0909,0.0,0.0,96.4065,86.5449,136.296,0.0,-0.04,0.0,0,955.593,0.0,0.0,0.0,0.0,0.001526,141.303,0.0,104.979,30.975,0.0,0.0,41.8043,0.0,0.0,603.388,0.0,0.0,0.0,0.0,0.019,0.0,0.0,289.201,734.020019531,0.0,0.0,0.00153,0.0,203.658,0.0,0.0,0.15386,0.0,40.2155,31.5,65.9,138.172,0.0,0.0,0,3.6878,0.0,812.671,0.0,0.0,0.0,15.0691,0.0,53.4633,0.0,0.0
2022-12-12 02:50:00,99.0974,1220.17,0.0,0,98.5,97.1532,0.0,0.0,50.0008,0.0,0.0,67.0298,85.9931,136.597,0.0,-0.07,0.0,0,974.27,0.0,0.0,0.0,0.0,0.001526,144.833,0.0,108.572,31.2249,0.0,0.0,41.7151,0.0,0.0,608.002,0.0,0.0,0.0,0.0,0.019,0.0,0.0,286.442,772.880004883,0.0,0.0,0.00153,0.0,204.701,0.0,0.0,0.184,0.0,52.2417,31.5,65.9,137.315,0.0,0.0,0,3.65484,0.0,798.462,0.0,0.02141,0.0,6.43809,0.0,57.5491,0.0,0.0
2022-12-12 02:55:00,95.1968,1205.89,0.0,0,96.53,94.813,0.0,0.0,49.282,0.0,0.0,35.494,85.0837,136.698,0.0,-0.05,0.0,0,970.266,0.0,0.0,0.0,0.0,0.001526,145.413,0.0,108.166,31.2265,0.0,0.0,41.5397,0.0,0.0,599.158,0.0,0.0,0.0,0.0,0.019,0.0,0.0,283.977,729.130004883,0.0,0.0,0.00153,0.0,209.892,0.0,0.0,0.15386,0.0,88.4393,31.4,65.9,139.226,0.0,0.0,0,3.53033,0.0,825.245,0.0,0.0,0.0,5.11971,0.0,61.4261,0.0,0.0
2022-12-12 03:00:00,84.1942,1186.33,0.0,0,98.14,98.6352,0.0,0.0,34.606,0.0,0.0,32.7489,85.655,136.097,0.0,-0.06,0.0,0,953.176,0.0,0.0,0.0,0.0,0.001526,145.803,0.0,108.236,33.8632,0.0,0.0,41.8627,0.0,0.0,601.282,0.0,0.0,0.0,0.0,0.019,0.0,0.0,276.872,754.890014648,0.0,0.0,0.00153,0.0,215.587,0.0,0.0,0.17395,0.0,139.674,29.2,65.9,140.193,0.0,0.0,0,3.5523,0.0,836.818,0.0,0.0,0.0,6.85118,0.0,64.9162,0.0,0.0
2022-12-12 03:05:00,84.2961,1228.16,0.0,0,100.32,100.823,0.0,0.0,34.3404,0.0,0.0,55.6359,86.0737,136.398,0.0,-0.04,0.0,0,969.827,0.0,0.0,0.0,0.0,0.001526,144.373,0.0,108.223,33.795,0.0,0.0,41.5674,0.0,0.0,608.588,0.0,0.0,0.0,0.0,0.019,0.0,0.0,289.812,775.809997559,0.0,0.0,0.00153,0.0,220.009,0.0,0.0,0.15386,0.0,108.08,31.3,65.9,140.446,0.0,0.0,0,3.71344,0.0,814.673,0.0,0.0,0.0,3.01909,0.0,59.6707,0.0,0.0
2022-12-12 03:10:00,90.698,1232.6,0.0,0,102.14,99.5207,0.0,0.0,37.7467,0.0,0.0,52.3583,86.2922,136.796,0.0,-0.04,0.0,0,972.879,0.0,0.0,0.0,0.0,0.001526,147.623,0.0,108.401,33.9418,0.0,0.0,41.832,0.0,0.0,608.661,0.0,0.0,0.0,0.0,0.019,0.0,0.0,290.373,783.08001709,0.0,0.0,0.00153,0.0,225.411,0.0,0.0,0.15386,0.0,116.208,31.7,66.0,140.479,0.0,0.0,0,3.57794,0.0,840.699,0.0,0.0,0.0,3.61675,0.0,61.0831,0.0,0.0
2022-12-12 03:15:00,93.0978,1206.31,0.0,0,101.11,102.21,0.0,0.0,41.6803,0.0,0.0,51.6091,84.2939,135.999,0.0,-0.05,0.0,0,960.476,0.0,0.0,0.0,0.0,0.001526,143.623,0.0,108.267,32.7389,0.0,0.0,41.6259,0.0,0.0,603.15,0.0,0.0,0.0,0.0,0.019,0.0,0.0,280.998,762.359985352,0.0,0.0,0.00153,0.0,228.634,0.0,0.0,0.17395,0.0,166.789,30.5,66.0,140.929,0.0,0.0,0,3.62554,0.0,853.224,0.0,0.0,0.0,7.09728,0.0,58.8577,0.0,0.0
2022-12-12 03:20:00,87.8928,1215.29,0.0,0,100.5,102.742,0.0,0.0,34.2779,0.0,0.0,73.9635,83.0732,136.499,0.0,-0.05,0.0,0,969.802,0.0,0.0,0.0,0.0,0.001526,138.813,0.0,108.35,28.7755,0.0,0.0,41.7151,0.0,0.0,601.245,0.0,0.0,0.0,0.0,0.019,0.0,0.0,283.854,792.400024414,0.0,0.0,0.00153,0.0,228.579,0.0,0.0,0.17395,0.0,113.416,30.7,65.9,142.072,0.0,0.0,0,3.61822,0.0,852.785,0.0,0.0,0.0,8.79359,0.0,64.3766,0.0,0.0
2022-12-12 03:25:00,91.1958,1223.88,0.0,0,96.5,102.472,0.0,0.0,27.2621,0.0,0.0,69.4942,86.363,134.897,0.0,-0.07,0.0,0,968.093,0.0,0.0,0.0,0.0,0.001526,138.283,0.0,108.032,28.1804,0.0,0.0,41.8043,0.0,0.0,605.237,0.0,0.0,0.0,0.0,0.019,0.0,0.0,277.482,741.010009766,0.0,0.0,0.00153,0.0,229.256,0.0,0.0,0.184,0.0,103.944,31.1,65.9,143.083,0.0,0.0,0,1.91348,0.0,854.347,0.0,0.0,0.0,4.59236,0.0,60.6058,0.0,0.0
2022-12-12 03:30:00,82.7933,1211.48,0.0,0,92.84,102.782,0.0,0.0,33.0278,0.0,0.0,75.1537,86.2544,135.898,0.0,-0.01,0.0,0,956.741,0.0,0.0,0.0,0.0,0.001526,136.833,0.0,108.077,33.2824,0.0,0.0,41.5982,0.0,0.0,601.904,0.0,0.0,0.0,0.0,0.019,0.0,0.0,280.021,776.25,0.0,0.0,0.00153,0.0,228.826,0.0,0.0,0.15386,0.0,100.046,30.6,65.9,143.588,0.0,0.0,0,1.99405,0.0,827.174,0.0,0.0,0.0,2.10501,0.0,57.9422,0.0,0.0
2022-12-12 03:35:00,51.9937,1205.16,0.0,0,92.62,102.192,0.0,0.0,65.0127,0.0,0.0,109.837,86.0139,136.796,0.0,-0.03,0.0,0,964.211,0.0,0.0,0.0,0.0,0.001526,138.833,0.0,108.109,30.9401,0.0,0.0,41.7151,0.0,0.0,614.411,0.0,0.0,0.0,0.0,0.019,0.0,0.0,254.557,768.219970703,0.0,0.0,0.00153,0.0,222.664,0.0,0.0,0.1639,0.0,128.735,30.9,65.7,143.599,0.0,0.0,0,1.95377,0.0,850.05,0.0,0.0,0.0,6.14804,0.0,63.5123,0.0,0.0
2022-12-12 03:40:00,40.4994,1207.77,0.0,0,93.48,101.363,0.0,0.0,93.6499,0.0,0.0,93.167,86.2238,136.698,0.0,-0.03,0.0,0,968.191,0.0,0.0,0.0,0.0,0.001526,141.893,0.0,107.963,30.2379,0.0,0.0,41.832,0.0,0.0,632.209,0.0,0.0,0.0,0.0,0.019,0.0,0.0,256.876,729.690002441,0.0,0.0,0.00153,0.0,221.556,0.0,0.0,0.15386,0.0,104.683,40.2,65.9,143.203,0.0,0.0,0,1.89517,0.0,840.602,0.0,0.0,0.0,11.6413,0.0,63.3744,0.0,0.0
2022-12-12 03:45:00,43.7944,1220.07,0.0,0,89.94,102.612,0.0,0.0,94.1733,0.0,0.0,62.9221,86.2434,131.698,0.0,-0.05,0.0,0,967.752,0.0,0.0,0.0,0.0,0.001526,136.673,0.0,108.635,27.6345,0.0,0.0,41.6874,0.0,0.0,632.704,0.0,0.0,0.0,0.0,0.019,0.0,0.0,258.83,740.710021973,0.0,0.0,0.00153,0.0,221.575,0.0,0.0,0.184,0.0,103.259,50.9,65.9,143.687,0.0,0.0,0,1.81827,0.0,848.073,0.0,0.0,0.0,21.0897,0.0,70.0041,0.0,0.0
2022-12-12 03:50:00,66.1968,1201.74,0.0,0,90.16,101.091,0.0,0.0,92.7319,0.0,0.0,53.138,85.9638,107.196,0.0,-0.05,0.0,0,956.936,0.0,0.0,0.0,0.0,0.001526,131.773,0.0,107.226,22.0207,0.0,0.0,41.7151,0.0,0.0,632.429,0.0,0.0,0.0,0.0,0.019,0.0,0.0,254.24,771.280029297,0.0,0.0,0.00153,0.0,226.912,0.0,0.0,0.15386,0.0,96.3907,61.0,65.9,143.138,0.0,0.0,0,0.0,0.0,845.9,0.0,0.0,0.0,16.3787,0.0,69.8125,0.0,0.0
2022-12-12 03:55:00,70.9968,1196.22,0.0,0,85.4,102.112,0.0,0.0,99.4156,0.0,0.0,67.1946,85.5549,99.1956,0.0,-0.05,0.0,0,958.279,0.0,0.0,0.0,0.0,0.001526,117.103,0.0,102.027,15.5008,0.0,0.0,41.6874,0.0,0.0,626.936,0.0,0.0,0.0,0.0,0.019,0.0,0.0,248.795,803.690002441,0.0,0.0,0.00153,0.0,229.851,0.0,0.0,0.17395,0.0,68.237,62.1,65.9,140.413,0.0,0.0,0,0.0,0.0,848.61,0.0,0.0,0.0,27.9452,0.0,62.6041,0.0,0.0
2022-12-12 04:00:00,77.8959,1244.46,0.0,0,85.38,102.552,0.0,0.0,92.9936,0.0,0.0,49.8421,85.9943,96.9963,0.0,-0.03,0.0,0,984.817,0.0,0.0,0.0,0.0,0.001526,102.473,0.0,89.3764,6.63294,0.0,0.0,41.5397,0.0,0.0,646.455,0.0,0.0,0.0,0.0,0.019,0.0,0.0,258.244,858.809997559,0.0,0.0,0.00153,0.0,228.963,0.0,0.0,0.1639,0.0,78.5572,62.7,65.9,132.184,0.0,0.0,0,1.89151,0.0,849.806,0.0,0.04375,0.0,31.6543,0.0,59.6854,0.0,0.0
2022-12-12 04:05:00,85.795,1225.42,0.0,0,92.7,102.292,0.0,0.0,66.9112,0.0,0.0,34.078,86.1225,97.1999,0.0,-0.07,0.0,0,1033.79,0.0,0.0,0.0,0.0,0.001526,89.9136,0.0,96.105,7.20504,0.0,0.0,41.7458,0.0,0.0,646.052,0.0,0.0,0.0,0.0,0.019,0.0,0.0,257.951,758.590026855,0.0,0.0,0.00153,0.0,225.283,0.0,0.0,0.15386,0.0,185.732,63.4,65.9,135.919,0.0,0.0,0,2.00504,0.0,879.446,0.0,0.09401,0.0,32.6475,0.0,58.0679,0.0,0.0
2022-12-12 04:10:00,76.396,1203.28,0.0,0,98.07,100.825,0.0,0.0,50.5281,0.0,0.0,35.9915,86.4436,109.696,0.0,-0.03,0.0,0,1061.58,0.0,0.0,0.0,0.0,0.001526,86.7087,0.0,101.088,12.0944,0.0,0.0,41.6874,0.0,0.0,641.053,0.0,0.0,0.0,0.0,0.019,0.0,0.0,251.579,804.099975586,0.0,0.0,0.00153,0.0,220.98,0.0,0.0,0.17395,0.0,178.05,61.3,65.9,134.601,0.0,0.0,0,1.8146,0.0,908.475,0.0,0.04189,0.0,29.4482,0.0,62.2379,0.0,0.0
2022-12-12 04:15:00,75.9987,1217.36,0.0,0,105.52,98.9827,0.0,0.0,42.4694,0.0,0.0,50.6294,85.9419,124.998,0.0,-0.07,0.0,0,1034.92,0.0,0.0,0.0,0.0,0.001526,89.0636,0.0,105.309,14.5502,0.0,0.0,41.6566,0.0,0.0,641.584,0.0,0.0,0.0,0.0,0.019,0.0,0.0,252.36,855.400024414,0.0,0.0,0.00153,0.0,223.442,0.0,0.0,0.17395,0.0,182.637,62.8,65.9,135.535,0.0,0.0,0,2.00137,0.0,920.292,0.0,0.0,0.0,24.4735,0.0,66.9389,0.0,0.0
2022-12-12 04:20:00,82.2959,1198.2,0.0,0,106.0,101.809,0.0,0.0,45.153,0.0,0.0,32.7596,85.8247,128.596,0.0,-0.05,0.0,0,1066.63,0.0,0.0,0.0,0.0,0.001526,95.4635,0.0,108.032,9.33312,0.0,0.0,41.6566,0.0,0.0,638.636,0.0,0.0,0.0,0.0,0.019,0.0,0.0,246.305,797.400024414,0.0,0.0,0.00153,0.0,224.907,0.0,0.0,0.15386,0.0,178.372,62.2,65.9,135.161,0.0,0.0,0,1.89883,0.0,944.096,0.0,0.0,0.0,22.7333,0.0,70.1518,0.0,0.0
2022-12-12 04:25:00,89.1981,1206.33,0.0,0,106.33,101.271,0.0,0.0,41.6803,0.0,0.0,45.5329,86.2861,135.999,0.0,-0.03,0.0,0,1082.38,0.0,0.0,0.0,0.0,0.001526,98.1535,0.0,97.7617,10.9169,0.0,0.0,41.5982,0.0,0.0,639.955,0.0,0.0,0.0,0.0,0.019,0.0,0.0,242.301,757.340026855,0.0,0.0,0.00153,0.0,228.826,0.0,0.0,0.184,0.0,183.331,62.7,65.9,135.172,0.0,0.0,0,1.84756,0.0,973.54,0.0,0.04189,0.0,20.8875,0.0,78.2794,0.0,0.0
2022-12-12 04:30:00,90.7964,1198.83,0.0,0,107.91,99.5709,0.0,0.0,47.3132,0.0,0.0,59.4614,85.8943,135.898,0.0,-0.01,0.0,0,1080.16,0.0,0.0,0.0,0.0,0.001526,100.853,0.0,90.3158,30.7607,0.0,0.0,41.4505,0.0,0.0,638.856,0.0,0.0,0.0,0.0,0.019,0.0,0.0,238.346,814.190002441,0.0,0.0,0.00153,0.0,232.625,0.0,0.0,0.15386,0.0,178.903,65.1,65.9,136.04,0.0,0.0,0,1.85855,0.0,1007.18,0.0,0.00093,0.0,18.1629,0.0,73.7224,0.0,0.0
2022-12-12 04:35:00,89.4964,1197.17,0.0,0,106.54,100.352,0.0,0.0,59.8329,0.0,0.0,68.1651,82.1845,136.296,0.0,-0.02,0.0,0,1031.38,0.0,0.0,0.0,0.0,0.001526,109.723,0.0,92.0678,23.5069,0.0,0.0,41.8627,0.0,0.0,632.667,0.0,0.0,0.0,0.0,0.019,0.0,0.0,232.438,919.58001709,0.0,0.0,0.00153,0.0,234.118,0.0,0.0,0.15386,0.0,107.524,67.6,65.9,136.535,0.0,0.0,0,1.95743,0.0,976.421,0.0,0.0,0.0,17.3631,0.0,76.9598,0.0,0.0
2022-12-12 04:40:00,90.5937,1190.58,0.0,0,106.36,98.9241,0.0,0.0,64.7471,0.0,0.0,68.5176,82.1527,136.398,0.0,-0.03,0.0,0,1017.26,0.0,0.0,0.0,0.0,0.001526,120.603,0.0,92.0297,25.4739,0.0,0.0,41.7735,0.0,0.0,637.794,0.0,0.0,0.0,0.0,0.019,0.0,0.0,225.089,923.570007324,0.0,0.0,0.00153,0.0,237.469,0.0,0.0,0.15386,0.0,184.879,67.6,65.9,135.293,0.0,0.0,0,1.95743,0.0,949.956,0.0,0.09773,0.0,20.2459,0.0,79.5587,0.0,0.0
2022-12-12 04:45:00,92.6973,1218.93,0.0,0,107.31,98.5117,0.0,0.0,62.9775,0.0,0.0,67.8904,82.674,136.097,0.0,-0.04,0.0,0,1033.72,0.0,0.0,0.0,0.0,0.001526,110.003,0.0,94.6006,26.1229,0.0,0.0,41.6874,0.0,0.0,642.683,0.0,0.0,0.0,0.0,0.019,0.0,0.0,226.725,900.010009766,0.0,0.0,0.00153,0.0,242.449,0.0,0.0,0.15386,0.0,213.637,68.2,65.9,134.48,0.0,0.0,0,1.92447,0.0,923.978,0.0,0.0,0.0,22.2674,0.0,78.1549,0.0,0.0
2022-12-12 04:50:00,95.5959,1197.32,0.0,0,107.02,101.241,0.0,0.0,71.3019,0.0,0.0,79.6979,78.4051,137.296,0.0,-0.03,0.0,0,1059.33,0.0,0.0,0.0,0.0,0.001526,108.883,0.0,74.7321,23.7473,0.0,0.0,41.832,0.0,0.0,640.449,0.0,0.0,0.0,0.0,0.019,0.0,0.0,222.135,922.460021973,0.0,0.0,0.00153,0.0,246.239,0.0,0.0,0.15386,0.0,210.553,68.0,65.9,132.239,0.0,0.0,0,1.80728,0.0,950.2,0.0,0.0,0.0,32.1201,0.0,83.1781,0.0,0.0
2022-12-12 04:55:00,83.1935,1200.84,0.0,0,107.73,101.88,0.0,0.0,76.677,0.0,0.0,60.1968,72.9839,136.296,0.0,-0.02,0.0,0,1079.81,0.0,0.0,0.0,0.0,0.001526,107.383,0.0,64.836,21.4129,0.0,0.0,41.832,0.0,0.0,638.307,0.0,0.0,0.0,0.0,0.019,0.0,0.0,222.55,916.549987793,0.0,0.0,0.00153,0.0,241.433,0.0,0.0,0.17395,0.0,208.4,67.7,65.9,129.13,0.0,0.0,0,1.89517,0.0,982.037,0.0,0.00093,0.0,32.2695,0.17945,83.8483,0.0,0.0
2022-12-12 05:00:00,78.7983,1178.37,0.0,0,107.58,102.951,0.0,0.0,76.2824,0.0,0.0,53.4768,80.213,134.999,0.0,-0.03,0.0,0,1070.22,0.0,0.0,0.0,0.0,0.001526,96.9135,0.0,63.6743,17.0718,0.0,0.0,41.8627,0.0,0.0,629.17,0.0,0.0,0.0,0.0,0.019,0.0,0.182,221.329,827.700012207,0.0,0.0,0.00153,0.0,241.451,0.0,0.0,0.15386,0.0,202.221,66.8,65.9,125.581,0.0,0.0,0,1.85855,0.0,1008.65,0.0,0.0,0.0,32.2344,0.24049,87.7583,0.0,0.0
2022-12-12 05:05:00,83.797,1213.04,0.0,0,106.72,102.332,0.0,0.0,85.1966,0.0,0.0,68.9342,83.1952,135.499,0.0,-0.04,0.0,0,1129.47,0.0,0.0,0.0,0.0,0.001526,104.683,0.0,61.3193,18.2953,0.0,0.0,41.832,0.0,0.0,645.668,0.0,0.0,0.0,0.0,0.019,0.0,0.486,224.259,849.150024414,0.0,0.0,0.09918,0.0,235.592,0.0,0.0,0.17395,0.0,223.229,67.7,65.9,127.745,0.0,0.0,0,1.97574,0.0,1038.65,0.0,0.0,0.0,30.5469,0.26978,87.1662,0.0,0.0
2022-12-12 05:10:00,81.5956,1195.59,0.0,0,105.92,102.102,0.0,0.0,94.7632,0.0,0.0,71.2016,81.2445,136.296,0.0,-0.02,0.0,0,1187.9,0.0,0.0,0.0,0.24537,0.001526,96.7335,0.0,96.4287,20.5512,0.0,0.0,41.8043,0.0,0.0,634.443,0.0,0.0,0.0,0.0,0.019,0.0,0.79,220.792,918.570007324,0.0,0.0,0.3006,0.0,235.015,0.0,0.0,0.14381,0.0,215.79,67.7,65.9,125.636,0.0,0.0,0,3.61456,0.0,1061.7,0.0,0.0,0.0,34.5811,0.37965,79.1608,0.0,0.0
2022-12-12 05:15:00,87.9937,1199.98,0.0,0,107.24,101.612,0.0,0.0,96.4038,0.0,0.0,71.5083,77.8546,136.398,0.0,-0.04,0.0,0,1228.57,0.0,0.4242,1.28656,0.53834,0.001526,99.9335,0.0,102.65,18.8381,0.0,0.0,41.5674,0.0,0.0,638.27,1.01213,0.0,0.0,0.0,0.019,0.0,1.096,221.085,868.729980469,0.14,0.0,0.40131,0.0,224.999,0.0,0.0,0.15386,0.0,216.643,67.7,65.9,124.043,0.0,0.0,0,1.87686,0.0,1091.59,0.0,0.0,0.0,36.295,0.43947,82.0783,0.0,0.0
2022-12-12 05:20:00,87.896,1188.12,0.58013,0,107.19,97.733,0.0,0.0,94.8296,0.0,0.0,75.7717,75.5547,135.999,0.0,-0.04,0.0,0,1223.74,0.0,1.16884,0.88876,0.35767,0.001526,115.203,0.0,104.713,23.5156,0.0,0.0,42.0381,0.0,0.0,629.151,1.60632,0.14957,0.0,0.0,0.019,0.0,1.698,221.476,923.890014648,0.29,0.0,0.3006,0.0,225.045,0.0,0.0,0.15386,0.0,208.926,67.1,65.9,121.088,0.0,0.87587,0,1.98672,0.0,1117.03,0.0,0.00093,0.0,37.8243,0.52004,81.6852,0.0,0.0
2022-12-12 05:25:00,89.2965,1193.76,0.78192,0,104.22,98.3526,0.0,0.0,107.15,0.0,0.0,77.792,79.3646,135.999,0.0,-0.03,0.0,0,1221.86,0.0,1.78531,0.39528,0.46265,0.099184,122.093,0.37499,105.887,30.2022,0.0,0.23421,42.0381,0.0,0.0,642.097,4.1442,1.10185,0.0,0.0,0.019,0.28687,3.014,218.717,845.820007324,0.32,0.0,0.40131,0.0,226.885,0.0,0.0,0.17395,0.0,214.902,68.0,65.9,113.76,0.0,3.20867,0,1.78897,0.0,1145.3,0.0,0.0,2.2797,40.9796,0.6006,87.1394,0.0,0.0
2022-12-12 05:30:00,89.3986,1197.2,1.01025,0,102.81,99.3134,0.0,0.0,106.232,0.0,0.0,77.0489,80.904,136.398,0.54429,-0.03,0.0,0,1179.18,0.0,1.29091,0.25429,0.58961,0.199893,125.873,0.0,102.243,29.3222,0.0,0.54531,41.7151,0.0,0.0,634.388,8.18265,1.2824,0.0,0.0,0.019,0.31861,5.752,221.28,929.270019531,0.91,0.0,0.40131,0.0,215.889,0.0,0.0,0.17395,0.0,210.672,67.8,65.9,107.53,3.02586,3.841,0,0.0,0.0,1174.79,0.0,0.0,3.99481,45.2512,0.67995,92.4984,0.0,0.0
2022-12-12 05:35:00,91.295,1201.54,1.03149,0,98.93,100.301,0.0,0.0,110.228,0.0,0.0,76.0662,83.0231,135.999,0.44307,-0.03,0.0,0,1197.08,0.0,1.31533,0.0,0.79957,0.300603,128.193,0.295,102.65,31.4614,0.0,0.61251,41.509,0.0,0.0,641.694,12.1607,1.81164,0.033,0.0,0.019,0.5066,6.84,221.476,1096.27001953,1.32,0.0,0.70039,0.0,205.818,0.0,0.0,0.15386,0.0,143.156,67.8,65.9,112.309,3.06249,3.67864,0,0.0,0.0,1153.36,0.0,0.0,2.7924,46.4201,0.79958,84.0058,0.0,0.0
2022-12-12 05:40:00,90.0976,1216.73,0.9306,0,104.37,95.4598,0.52186,0.0,108.463,0.0,0.0,80.0,81.5326,136.296,0.54352,-0.04,0.0,0,1206.82,0.0,1.64492,0.0,0.50172,0.49897,125.623,0.36499,102.948,36.8522,0.0,1.1744,42.1827,0.25,0.0,645.082,13.4095,1.4417,0.0,0.0,0.019,0.99977,8.182,226.456,1185.64001465,1.39,0.0,0.40131,0.0,197.02,0.0,0.0,0.14381,0.0,110.153,67.8,65.9,111.969,3.0808,5.19112,0,1.77432,0.0,1128.57,0.0,0.0,4.42206,46.4992,0.68972,76.2408,0.0,0.0
2022-12-12 05:45:00,91.1955,1216.24,1.90236,0,99.23,92.5523,0.61341,0.0,111.084,0.0,0.0,99.2401,82.0539,135.698,2.27354,-0.04,0.0,0,1204.86,0.0,2.08438,0.0,0.38697,0.700389,130.223,0.35499,90.6332,37.9321,0.0,1.7472,41.7151,0.25,0.0,641.163,13.0268,1.56561,0.0,0.0,0.019,1.5198,12.378,227.14,1168.81994629,0.91,0.0,0.3006,0.0,195.024,0.0,0.0,0.15386,0.0,102.808,67.8,66.0,117.847,16.759,5.03731,0,1.86954,0.0,1099.25,0.0,0.0,7.13817,46.8069,0.73,73.0486,0.0,0.0
2022-12-12 05:50:00,82.1975,1180.52,2.73074,0,94.64,92.0625,0.61341,0.0,119.732,3.20325,0.0,90.1427,80.9149,134.698,9.16378,-0.04,0.0,0,1192.24,0.0,1.13832,0.0,0.52125,2.40024,124.553,0.0,78.6614,33.695,0.0,1.75904,41.509,0.25,0.0,627.778,10.3479,1.89306,0.0,0.0,0.019,1.43923,10.56,219.913,1166.83996582,1.2,2.25,0.40131,0.0,184.559,0.0,0.0,0.14381,0.0,149.772,66.8,66.0,115.946,16.2188,3.53338,0,3.60723,0.0,1101.38,0.0,0.0,7.27855,46.6838,1.47954,69.0031,0.0,0.0
2022-12-12 05:55:00,86.3968,1218.61,3.26175,0,93.97,92.1106,0.74159,0.0,123.596,3.10025,0.0,116.289,80.7538,134.597,7.36614,-0.03,0.0,0,1209.45,0.0,1.81582,0.0,0.636,3.99939,124.683,0.45499,72.8532,26.0428,0.0,1.96224,41.509,0.25,0.0,645.869,7.54818,0.78325,0.284,0.0,0.019,0.82399,23.71,224.503,1278.04003906,2.18,1.5,0.49897,0.0,184.706,0.0,0.0,0.17395,0.0,105.045,67.9,65.9,112.749,27.4617,8.44678,0,3.61456,0.0,1074.01,0.0,0.03444,8.05982,46.6926,1.88971,66.569,0.0,0.0
2022-12-12 06:00:00,83.0996,1191.85,2.96173,0,89.06,93.3121,2.28336,0.0,124.975,5.79881,0.0,168.615,80.8844,135.296,13.2644,-0.03,0.0,0,1196.27,0.0,1.52895,0.0,0.55787,1.60067,128.353,0.0,85.6502,32.2882,0.0,2.44006,41.9212,0.25,0.0,634.132,9.33074,1.46825,1.101,0.0,0.019,0.33326,14.976,219.669,1381.23999023,3.59,2.25,0.40131,0.0,183.085,0.96843,0.0,0.14381,0.0,141.361,67.4,65.9,99.642,24.1932,5.13985,0,3.62188,0.0,1096.01,0.0,0.14241,9.01808,45.7258,2.24006,59.8978,0.0,0.0
2022-12-12 06:05:00,95.2942,1208.21,2.69091,0,94.99,89.3601,2.27237,1.09998,124.975,8.29824,0.0,181.781,78.6847,134.499,3.37523,-0.06,0.0,0,1243.51,0.0,2.15763,0.0,0.75319,1.49996,130.683,0.0,93.8896,36.9633,0.0,2.43789,41.6259,0.25,0.0,645.869,21.6576,4.2136,1.154,0.0,0.019,0.33326,20.782,221.891,1313.85998535,5.05,4.25,0.59968,0.0,177.052,2.61943,0.0,0.1639,0.0,106.101,68.0,65.9,95.0057,65.6947,5.72091,0,3.55962,0.0,1078.21,0.78737,0.0,10.7881,46.7102,2.56966,62.6871,0.0,0.0
2022-12-12 06:10:00,97.2953,1230.26,3.10245,0,95.87,89.0105,3.10002,1.69997,124.646,5.20142,0.0,164.515,80.9442,132.397,1.18605,-0.01,3.13683,0,1303.79,0.0,2.48112,0.0,1.06569,0.999466,120.743,0.0,62.9316,27.6964,0.0,2.58701,41.5397,0.25,0.0,645.796,35.3239,3.12148,0.037,0.0,0.019,0.4358,9.894,227.994,1361.69995117,5.25,4.25,0.89876,0.0,161.634,2.1868,0.0,0.13376,0.0,15.792,68.1,65.9,92.6656,47.8233,2.84977,0,3.67681,0.0,1092.66,0.6482,0.0,8.15137,46.9123,2.76986,59.6268,0.0,0.0
2022-12-12 06:15:00,97.7953,1214.29,4.61053,0,96.87,94.1034,2.67155,1.79997,123.271,9.60288,0.0,124.015,78.3746,132.897,1.19718,-0.06,19.2749,0,1295.76,0.0,4.08637,0.0,1.11696,0.401312,95.0636,0.38499,67.8067,22.4182,0.0,3.50886,41.6259,0.25,0.0,647.115,37.2374,2.24176,0.0,0.0,0.019,0.49683,11.974,227.042,1408.27001953,5.32,4.5,1.20089,0.0,161.735,7.8603,0.0,0.17395,0.0,42.3587,68.1,65.9,78.4381,36.4797,6.03708,0,3.62554,0.0,1100.81,0.40162,0.0,5.86862,46.7365,2.66976,57.5149,0.0,0.06044
2022-12-12 06:20:00,97.3955,1210.97,4.97162,0,102.42,98.7126,2.90227,1.99997,111.408,16.0025,0.0,79.4858,60.0736,133.897,0.78611,-0.03,23.1231,0,1297.1,0.0,7.26024,0.0,0.9485,0.300603,93.2836,0.38499,63.9346,15.4587,0.0,4.84992,41.4813,0.25,0.0,645.064,86.0613,4.23661,0.0,0.0,0.019,0.67506,8.392,226.725,1518.61999512,5.77,6.5,0.99947,0.0,159.547,5.73277,0.0,0.15386,0.0,50.4514,68.1,65.9,72.011,41.0391,3.51629,0,3.64385,0.0,1094.74,0.78737,1.32453,6.11887,46.4114,2.85043,46.5748,0.0,0.0
2022-12-12 06:25:00,91.8981,1191.97,4.82028,0,104.17,95.7926,4.56123,2.19997,109.115,59.9004,0.0,86.9505,55.2419,135.597,0.98867,-0.03,26.9848,0,1294.2,0.0,8.45655,0.0,0.19409,0.401312,82.0838,0.0,88.7606,19.4681,0.0,5.80966,41.7151,0.0,0.0,639.991,100.382,4.76408,0.107,0.0,0.019,0.25269,8.35,220.06,1430.9699707,7.82,4.75,0.3006,0.0,153.33,6.31169,0.0,0.2041,0.0,180.936,67.5,65.9,64.5292,77.0931,2.51652,0,3.54864,0.0,1119.13,1.07057,0.0605,6.6865,46.719,3.53038,39.7656,0.0,0.0
2022-12-12 06:30:00,91.5951,1207.38,4.82028,0,106.02,92.9123,0.89174,2.69996,108.33,39.1016,0.0,107.298,53.7746,136.097,1.88211,-0.03,35.5349,0,1348.91,0.0,18.9792,0.0,0.0,1.20089,97.7235,0.0,44.0978,9.57433,0.0,4.20045,41.7151,0.0,0.0,650.209,85.9908,6.2226,1.815,3.65084,0.019,0.3772,10.682,222.11,1327.64001465,10.91,3.25,0.00153,0.0,141.849,4.34603,0.0,0.15386,0.0,180.083,68.1,65.9,60.5191,76.8002,4.97749,0,3.69146,0.0,1145.71,0.28443,1.3357,6.79026,46.0598,4.28968,36.737,0.0,0.03954
2022-12-12 06:35:00,83.7991,1185.55,3.84056,0,106.71,89.3036,1.66079,3.19995,120.451,43.7984,0.0,64.2405,45.6739,136.198,2.86502,-0.03,48.5565,0,1409.43,0.0,11.9844,0.0,0.0,1.29854,53.1442,0.0,50.6551,18.1565,0.0,6.7369,41.6259,0.0,0.0,624.134,67.8329,8.04221,2.493,0.66068,0.019,0.23804,9.844,220.084,1394.93005371,12.35,2.5,0.09918,0.0,155.308,7.82221,0.0,0.15386,0.0,156.274,66.8,62.5,52.2682,60.9705,5.12276,0,3.21172,0.0,1179.38,0.0,0.0,10.4402,46.8157,3.65001,33.7188,0.0,0.05925
2022-12-12 06:40:00,92.1974,1215.31,5.26102,0,105.99,92.3911,1.92081,3.99994,115.736,14.6979,0.0,76.4752,46.4625,135.999,3.29318,-0.04,89.4775,0,1381.97,0.0,4.80659,0.0,0.19409,1.79904,58.5241,0.0,41.5587,14.2852,0.0,5.8391,41.8904,0.0,0.0,642.372,78.1959,8.81749,3.818,9.5943,0.019,0.55299,10.004,223.575,1482.77001953,16.55,8.25,0.19989,0.0,163.255,10.4229,0.0,0.17395,0.0,168.012,68.0,62.5,49.7304,71.4168,4.79805,0,3.66583,0.0,1148.86,0.28687,0.07539,13.2418,46.552,5.33952,33.8561,0.0,0.23957
2022-12-12 06:45:00,92.5997,1207.4,4.97162,0,107.56,93.1112,1.41176,4.79993,110.623,4.59716,0.0,74.1955,32.6427,136.296,6.19008,-0.05,40.9549,0,1398.93,0.0,4.69062,0.0,0.89479,1.39925,45.9443,0.45499,47.551,23.4783,0.0,8.71014,41.6874,0.0,0.0,642.592,84.2889,4.86143,3.992,10.663,0.019,1.08034,9.964,221.305,1478.04003906,14.59,7.25,1.10018,0.023,166.038,5.61164,0.0,0.184,0.0,165.741,68.0,62.5,48.5988,75.8206,2.64469,0,2.94438,0.0,1173.91,0.48951,3.67015,14.2672,44.4865,5.41032,36.5979,0.0,0.19395
2022-12-12 06:50:00,88.9974,1186.5,6.18233,0,107.63,91.6019,3.92035,5.99991,111.279,0.0,0.0,123.905,21.6733,135.296,1.57997,-0.05,23.909,0,1416.46,0.0,8.81666,0.0,0.93874,2.40024,58.0441,0.0,57.3393,24.797,0.0,5.17146,41.6874,0.0,0.0,618.329,81.4086,10.5008,3.537,11.5158,0.019,1.8616,12.81,219.474,1531.44995117,6.17,8.0,1.49996,0.096,170.506,6.38858,0.0,0.14381,0.0,160.092,67.3,62.5,48.2033,73.9895,0.0,0,2.80888,0.0,1201.57,0.63355,1.28357,11.3314,43.5812,6.55049,34.6362,0.0,0.35317
2022-12-12 06:55:00,90.9963,1231.84,9.93129,0,107.28,91.3508,8.01099,6.5999,99.2203,1.19821,0.0,119.673,20.0217,135.597,1.79565,-0.03,5.27773,0,1381.33,0.0,4.25116,0.0,1.7615,7.20073,61.9341,0.0,92.1567,24.4868,0.0,15.3052,41.832,0.0,0.0,622.12,90.8853,11.1132,0.759,12.2475,0.122,6.07065,12.042,227.335,1441.43005371,5.01,26.5,1.29854,0.144,175.203,3.08248,0.0,0.17395,0.0,172.609,67.9,62.2,47.9286,82.8519,6.41306,0,3.21172,0.0,1202.14,1.991,21.2306,5.60006,39.1515,3.86975,29.9828,0.0,0.51397
2022-12-12 07:00:00,90.8944,1211.97,7.9214,0,105.96,93.49,11.4022,8.79987,109.576,5.90181,0.0,149.252,23.834,134.296,1.58432,-0.04,3.16393,0,1424.25,0.0,6.83909,0.0,0.83619,3.49889,109.683,0.0,109.784,36.9157,0.0,17.3537,41.7458,0.0,0.0,644.24,83.8256,10.8814,0.0,12.4318,0.122,3.75616,16.056,224.186,1499.80004883,5.04,21.5,0.70039,0.111,177.436,2.25254,0.0,0.15386,0.0,168.017,68.0,62.5,48.0824,76.2417,7.28466,0,3.33989,0.0,1188.27,2.62089,13.289,6.29587,38.8263,3.97961,33.0578,0.0,0.35664
2022-12-12 07:05:00,86.0941,1178.3,12.212,0,106.61,90.8086,6.38132,9.99985,120.322,76.4969,0.0,145.22,33.3739,130.397,2.35763,-0.03,14.3969,0,1428.96,0.0,18.2284,3.10941,0.0,5.19875,144.063,0.0,108.451,28.9453,0.0,6.43942,42.0381,0.0,0.0,636.787,96.4344,12.0283,0.0,12.0317,0.122,1.75906,25.376,220.206,1408.29003906,4.07,13.75,0.19989,0.036,194.621,3.32896,0.0,0.15386,0.0,129.499,67.0,62.5,47.8956,88.1895,5.77218,0,3.69879,0.0,1158.14,2.28397,0.0,6.71092,46.5608,5.53972,35.426,0.0,0.65664
2022-12-12 07:10:00,91.6946,1213.26,25.421,0,106.09,87.0408,2.43351,10.6998,113.244,65.2014,0.0,120.656,63.3341,134.796,2.3529,-0.04,30.7246,0,1400.23,0.0,18.7717,3.74891,0.0,6.8986,142.353,0.0,103.817,29.3539,0.0,9.20781,41.8627,0.1,0.0,639.021,121.954,9.70074,0.0,10.3629,0.072,0.38209,9.552,222.599,1130.54003906,11.63,9.75,0.09918,0.201,183.149,6.33366,0.0,0.15386,0.0,137.463,67.9,62.5,83.0634,108.972,20.051,0,3.56695,0.0,1134.7,1.37331,0.0,3.95209,46.174,8.08985,29.077,0.0,0.43141
2022-12-12 07:15:00,91.6951,1196.37,20.9498,0,106.53,87.4825,1.75235,11.6998,117.439,68.0991,0.0,121.094,68.1034,134.597,3.23738,-0.04,48.0958,0,1378.65,0.0,65.2995,5.10849,0.0,2.50095,128.703,0.0,71.7614,25.3421,0.0,10.3147,41.6874,0.1,0.0,637.574,92.4262,11.4991,0.523,8.42035,0.122,0.3064,9.33,217.887,1275.56005859,27.93,14.75,0.00153,0.229,201.955,3.83265,0.0,0.15386,0.0,131.978,67.8,62.5,81.756,81.5793,19.6493,0,3.58892,0.0,1102.28,0.94362,0.07353,5.42306,46.7014,9.18973,23.5056,0.0,0.64029
2022-12-12 07:20:00,92.8987,1209.19,14.1024,0,105.98,83.0218,0.81117,12.8998,116.26,117.998,0.0,131.997,51.4846,128.198,2.24704,-0.03,62.7704,0,1388.58,0.0,35.52,1.05997,0.0,12.3003,117.663,0.0,60.1894,20.6274,0.0,19.8758,41.6566,0.1,0.0,644.606,82.8588,12.4815,1.125,7.9255,0.323,1.89578,6.686,221.207,1254.19995117,19.07,20.0,0.00153,0.547,204.363,5.21187,0.0,0.15386,0.0,137.622,67.8,62.5,97.5326,75.0698,13.8045,0,3.63653,0.0,1080.18,0.31617,10.3458,15.2316,46.4729,10.7205,22.1677,0.0,1.55258
2022-12-12 07:25:00,90.994,1186.07,11.2004,0,106.02,69.3404,0.45228,14.2998,121.892,91.8986,0.0,111.473,31.2535,133.397,2.9129,-0.04,126.618,0,1376.64,0.0,56.1074,1.72969,0.26734,2.90074,122.533,0.0,77.322,28.0876,0.0,33.7121,41.6566,0.1,0.0,626.698,82.4962,10.6442,0.83,7.78862,0.98,7.93591,5.396,220.743,1351.30004883,21.45,13.0,0.3006,0.601,216.576,3.85248,0.0,0.184,0.0,130.272,66.9,62.3,95.9176,74.8959,16.8124,0,3.62921,0.0,1053.16,0.0,0.0,9.29885,45.928,10.3006,37.0446,0.0,0.78138
2022-12-12 07:30:00,92.5993,1218.59,8.26125,0,106.18,69.0118,0.7013,15.6998,122.158,70.5024,0.0,118.968,62.3636,133.096,4.14298,-0.01,93.6238,0,1335.9,0.0,51.78,1.6038,0.29664,0.801099,136.503,0.0,75.151,27.8741,0.0,50.1105,41.509,0.1,0.0,645.338,75.507,9.00334,0.524,9.69432,1.182,29.3498,6.86,224.234,1158.68005371,11.02,17.25,0.40131,1.369,211.064,2.54582,0.0,0.17395,0.0,107.44,67.8,62.3,115.594,68.0934,30.5785,0,3.56329,0.0,1023.27,0.47486,0.0,14.1146,46.7629,10.0894,40.5908,0.0,0.47523
2022-12-12 07:35:00,93.9969,1202.72,20.1507,0,107.73,66.3911,0.67201,17.0997,119.01,30.0034,0.0,105.28,60.6436,129.499,5.00736,-0.02,155.574,0,1349.81,0.0,105.76,1.78508,0.63355,2.90074,126.483,0.0,80.4197,22.5039,0.0,8.72294,41.6566,2.49,0.0,635.89,58.054,7.34481,0.037,6.81472,0.624,17.8482,9.094,217.374,1233.27001953,25.07,22.25,0.59968,1.534,210.945,8.91918,0.0,0.15386,0.0,109.522,67.8,62.3,118.967,51.632,12.4373,0,3.59625,0.0,996.515,0.16236,12.3266,22.9892,46.7629,12.8104,37.6404,0.0,0.35331
2022-12-12 07:40:00,92.9963,1219.1,14.7715,0,107.58,65.8426,1.58022,18.5997,114.424,52.9034,0.0,69.1783,61.6751,127.198,2.33638,-0.03,126.049,0,1308.65,0.0,96.7208,1.48295,0.72877,3.89868,119.523,0.0,80.7815,18.8349,0.0,9.46893,41.8904,2.49,0.0,647.517,55.2442,7.0793,0.0,6.23037,0.573,5.01106,11.32,221.842,1242.19995117,22.61,38.75,0.8011,0.892,195.912,23.3178,0.0,0.1639,0.0,103.263,68.0,57.4,135.843,50.0023,5.72946,0,3.58526,0.0,973.247,0.37232,0.0,15.6527,46.5871,11.9498,41.4063,0.0,0.24262
2022-12-12 07:45:00,97.8949,1222.05,14.4715,0,107.73,72.1433,4.00092,19.9997,111.474,81.3996,0.0,67.9255,65.2543,125.096,8.50586,-0.04,32.7436,0,1363.39,0.0,30.0694,6.62921,1.17311,9.99924,109.113,0.0,83.5301,14.6946,0.0,10.3895,41.8904,3.51,0.0,648.872,66.3626,7.19081,0.0,7.01476,0.573,1.06569,12.582,218.668,1219.91003418,13.08,15.75,1.20089,0.789,203.511,7.01142,0.0,0.17395,0.0,110.087,68.3,57.2,141.852,60.5219,8.42115,0,3.4168,0.0,945.61,1.26589,36.3003,9.00587,46.3586,8.48048,44.4947,0.0,0.83485
2022-12-12 07:50:00,87.7942,1192.29,20.8011,0,107.91,77.5417,7.09178,21.4997,112.588,76.4008,0.0,54.2611,57.6834,126.397,6.11123,-0.01,112.851,0,1399.89,0.0,31.2901,16.0506,0.56519,27.0985,101.713,0.0,93.7881,23.0697,0.0,20.396,41.832,9.57,0.0,631.422,52.1424,6.90584,0.0,6.87263,0.319,0.0,11.324,219.132,1361.40002441,9.78,6.75,1.39925,0.869,194.713,6.03577,0.0,0.17395,0.0,107.161,67.1,57.0,145.829,48.7114,7.66918,0,3.62921,0.0,918.143,1.82742,11.204,7.99878,42.8781,4.57045,39.9768,0.0,1.72
2022-12-12 07:55:00,114.998,1199.47,26.491,0,107.71,83.0532,21.9016,22.8997,113.111,144.702,0.0,98.175,55.9744,125.096,5.85779,-0.03,188.325,0,1379.33,0.0,87.2236,19.0165,0.51148,17.3999,95.5735,0.0,103.462,30.7132,0.0,73.6092,42.0965,4.54,0.0,632.044,45.2438,5.91107,0.493,5.86713,0.319,0.16724,11.074,218.277,1403.11999512,19.95,2.25,0.59968,0.905,185.301,8.94433,0.0,0.17395,0.0,98.2644,67.4,57.1,151.762,40.9934,6.72923,0,3.62921,0.0,883.425,8.06287,12.7268,6.06394,43.5549,4.12,60.3958,0.0,1.06406
2022-12-12 08:00:00,123.996,1220.69,34.2411,0,106.91,88.9791,18.7228,24.3996,117.701,93.6976,0.0,102.461,46.4234,127.698,5.88134,-0.03,182.431,0,1360.85,0.0,74.1436,11.5589,0.72389,24.9989,101.713,0.0,105.861,27.0338,0.0,45.3161,41.8904,4.54,0.0,642.152,54.0055,12.724,0.268,7.0095,0.47,0.0,10.812,222.354,1336.33996582,22.45,12.5,0.89876,1.224,181.035,8.85057,0.0,0.15386,0.0,0.51744,67.9,57.4,154.069,86.4591,8.42969,0,3.61822,0.0,865.481,5.25765,21.8021,11.9722,40.3468,3.92956,66.6606,0.0,0.85002
2022-12-12 08:05:00,129.796,1170.93,29.5602,0,106.59,97.6598,13.1234,25.7996,118.224,134.602,0.0,152.496,37.334,116.697,2.12928,-0.05,152.133,0,1390.49,0.0,87.3274,10.8942,0.71168,15.9991,103.003,0.0,102.523,34.6694,0.0,81.0435,41.832,4.53,0.0,641.035,72.1836,10.3893,0.0,3.96143,0.57,0.0,10.068,220.426,1092.90002441,28.5,28.0,0.09918,0.306,178.764,8.82889,0.0,0.184,0.0,0.03143,68.0,57.0,152.63,70.7851,4.72114,0,3.58892,0.0,884.646,4.04913,0.0,7.91333,42.3947,4.23963,61.0086,0.0,0.79386
2022-12-12 08:10:00,80.0977,1121.56,27.391,0,106.59,101.652,12.5521,26.1996,121.635,119.097,0.0,177.346,39.3835,117.197,2.57587,-0.04,138.312,0,1371.76,0.0,121.349,12.9739,0.30152,3.40124,113.123,0.0,106.192,32.9079,0.0,74.2236,41.9212,4.53,0.0,638.234,73.5431,7.19966,0.0,3.5087,1.129,0.31861,9.696,220.377,1244.31005859,30.33,31.75,0.09918,0.38,201.103,8.6114,0.0,0.184,0.0,0.0,67.4,57.1,153.234,68.835,21.8283,0,3.63287,0.0,913.993,11.6811,0.0,25.2415,46.552,3.9198,69.8039,0.0,0.53078
2022-12-12 08:15:00,75.9952,1128.69,38.46,0,106.21,104.722,12.6912,28.5996,119.014,119.797,0.0,163.304,38.8342,117.396,4.28979,-0.02,252.62,0,1380.36,0.0,110.307,17.4051,0.16968,8.79988,132.343,0.0,100.618,29.2778,0.0,73.0767,42.0073,4.53,0.0,630.708,64.2577,9.84765,0.0,3.11387,2.403,0.57008,8.414,221.158,1051.80004883,2.27,38.0,0.09918,0.926,191.279,10.0604,0.0,0.17395,0.0,0.0,66.9,57.1,152.311,134.791,26.8443,0,3.56695,0.0,941.63,11.9667,0.0,38.6023,46.8508,3.74035,48.235,0.0,1.21901
2022-12-12 08:20:00,82.5984,1148.69,36.8909,0,105.71,103.611,26.3401,28.1996,116.783,127.097,0.0,145.286,38.8037,125.799,5.7961,-0.05,186.699,0,1394.08,0.0,112.206,22.1939,0.25513,27.0985,136.203,0.0,102.63,28.2931,0.0,67.4324,41.8043,4.53,0.0,644.404,67.1682,8.11124,0.0,2.54532,1.024,0.45533,9.314,222.55,973.039978027,1.1,7.0,0.09918,0.616,175.724,12.1721,0.0,0.184,0.0,0.0,67.9,57.0,153.003,175.743,19.8886,0,3.51934,0.0,968.609,5.05501,0.0,23.7217,46.4465,3.77941,51.7104,0.0,1.11424
2022-12-12 08:25:00,102.193,1144.95,14.9202,0,105.29,104.611,18.3529,31.4995,112.26,117.099,0.0,134.388,38.634,125.397,6.89152,-0.03,236.197,0,1398.67,0.0,111.376,27.6775,0.76539,27.0985,142.573,0.0,102.173,29.3317,0.0,73.2447,42.0073,4.53,0.0,651.418,104.108,21.2326,0.0,1.69249,0.622,0.44556,9.07,223.575,994.780029297,6.66,13.0,0.09918,0.772,183.296,22.6833,0.0,0.184,0.0,0.0,68.0,57.1,151.993,103.561,19.675,0,3.29595,0.0,994.977,5.48959,0.0,13.37,46.552,4.00037,40.4822,0.0,3.82259
2022-12-12 08:30:00,116.294,1116.17,14.952,0,104.77,97.0925,20.3012,29.2995,116.26,124.199,0.0,124.341,38.855,124.799,7.77037,-0.05,231.549,0,1363.36,0.0,59.794,33.1712,1.21218,27.1992,147.813,0.0,103.824,25.5278,0.0,60.7048,41.7151,4.53,0.0,643.031,98.368,15.4003,0.0,1.65564,0.776,0.9192,11.058,228.556,1056.06994629,17.05,46.25,0.09918,0.512,178.81,20.3588,0.0,0.184,0.0,0.0,67.8,57.3,153.179,56.6766,21.5805,0,3.62554,0.0,989.752,4.75227,0.0,36.8994,45.5236,4.06995,38.7463,0.0,3.45152
2022-12-12 08:35:00,121.497,1162.7,14.9308,0,104.92,102.139,24.6006,35.1995,112.525,123.299,0.0,129.691,79.2657,87.3983,7.13805,-0.03,220.858,0,1408.77,0.0,66.5873,45.3722,1.99588,27.4006,149.953,0.45499,104.275,35.4652,0.0,58.0833,41.832,4.53,0.0,643.471,146.89,14.8215,0.0,1.90307,2.003,0.5066,19.022,244.401,837.520019531,17.65,32.75,0.09918,0.885,181.913,19.2903,0.0,0.1639,0.0,0.0,67.8,57.0,152.992,52.0165,5.9089,0,3.60723,0.0,981.622,6.5272,0.11077,16.2081,44.7502,12.9203,44.3531,0.0,1.58918
2022-12-12 08:40:00,127.698,1203.33,14.8405,0,104.31,90.0509,25.2415,27.3996,110.951,92.2969,0.0,138.825,80.6146,79.0967,2.21798,-0.04,228.528,0,1443.37,0.0,68.2902,35.0595,3.62432,16.3012,152.133,0.0,103.932,32.8031,20.5,52.8712,42.0073,4.56,0.0,668.905,63.4923,7.04213,0.0,2.09785,2.054,0.63355,20.176,256.242,734.109985352,17.56,18.0,0.09918,1.609,204.793,14.0173,0.0,0.19405,0.0,0.0,67.8,57.2,151.202,51.2108,6.2678,0,3.39849,0.0,1006.92,0.0,39.5637,12.491,41.1466,10.0894,43.5596,0.0,1.18061
2022-12-12 08:45:00,48.1978,1216.07,14.9414,0,0.0,77.391,0.0,29.5996,113.51,103.201,0.0,149.4,18.7936,114.099,1.57094,-0.06,213.799,0,1492.17,0.0,49.1066,54.6072,2.88457,27.0985,152.283,0.0,100.155,30.7949,20.5,34.1012,41.832,4.56,0.0,679.598,67.2891,8.52543,0.0,1.97677,1.346,0.7361,13.588,257.218,0.0,16.03,54.25,0.09918,1.036,226.94,0.36583,134.65,0.17395,1537.13,151.074,67.7,57.0,151.059,66.537,26.0581,0,3.60357,0.0,1019.29,1.15114,2.54574,21.1826,39.2306,3.35948,54.5742,0.0,0.95648
2022-12-12 08:50:00,40.296,1267.76,3.8618,0,2.27,73.9727,5.13252,26.2996,107.541,129.102,0.0,178.463,0.28687,127.3,1.93837,-0.06,216.617,0,1557.82,0.0,68.6686,55.705,1.69802,19.3988,16.1647,0.0,14.5237,27.6139,20.6,44.4355,42.0381,4.56,0.0,662.368,61.8004,18.6766,0.0,1.72408,1.246,0.0,12.978,264.274,0.0,18.94,33.5,1.39925,0.912,235.5,12.6368,173.337,0.17395,1513.86,289.316,67.6,53.2,151.322,185.887,4.25971,0,3.47539,0.0,1028.67,2.04959,0.0,8.70069,38.1056,15.5596,70.2165,0.0,0.88192
2022-12-12 08:55:00,47.695,1275.13,3.80073,0,87.61,85.5818,4.74067,34.7995,115.279,136.998,0.0,173.845,0.31922,124.897,13.5255,-0.06,225.994,0,1574.3,0.0,106.743,43.0307,0.57252,26.6011,81.0438,0.0,0.0,33.7212,20.5,13.5311,42.1242,4.56,0.0,637.922,87.0382,13.3293,0.0,0.33955,0.84,0.21851,12.734,257.853,0.0,41.25,87.25,0.3006,0.519,229.897,13.7224,235.853,0.17395,1473.62,406.95,66.4,53.2,130.195,188.716,0.79896,0,3.43145,0.0,1053.01,2.40848,0.06609,5.37423,40.8829,11.3004,81.2995,0.0,1.39622
2022-12-12 09:00:00,74.2987,1327.55,5.04065,0,105.87,92.8621,10.2998,39.4994,119.08,70.9007,0.0,181.654,3.23919,131.397,19.4673,-0.01,36.0634,0,1598.6,0.0,63.8529,79.3465,2.65507,9.09896,146.113,0.42499,12.8352,31.2519,20.5,1.01165,42.155,4.56,0.0,638.087,133.324,14.1082,0.0,1.01339,0.739,0.22827,8.966,275.773,0.0,42.04,16.25,0.09918,0.967,247.054,13.7553,236.504,0.19405,1502.87,447.823,67.7,53.2,150.037,130.982,1.43984,0,3.5816,0.0,1081.21,2.533,0.0,14.5357,40.5753,5.52019,86.2654,0.0,2.00736
2022-12-12 09:05:00,77.4942,1366.15,9.90208,0,56.66,95.24,10.7613,40.2994,117.439,111.001,0.0,0.0,84.2328,125.499,16.8141,-0.04,181.821,0,1576.62,0.0,35.6664,51.6665,3.38506,27.0985,145.943,0.39499,0.0,28.0082,20.6,58.4335,42.2442,4.56,0.0,638.398,104.38,12.9629,0.0,1.01865,1.094,0.34546,7.998,276.652,0.0,59.19,28.25,2.19883,1.862,246.935,16.1305,238.104,0.1639,1769.37,455.277,67.6,53.4,158.738,93.1701,0.73915,0,3.34722,0.0,1108.46,3.47051,0.07167,2.57877,40.8742,2.97006,88.1733,0.0,2.55962
2022-12-12 09:10:00,68.9956,1390.32,14.9308,0,0.0,102.751,24.1428,41.3994,118.029,128.799,0.0,0.0,52.0436,126.299,28.1088,-0.03,183.555,0,1570.08,0.0,36.9726,49.7732,9.07607,13.7011,141.243,0.0,0.0,26.9077,0.0,63.5146,42.3026,4.56,0.0,632.795,111.913,14.294,0.0,0.24479,1.248,0.22583,10.832,274.699,0.0,26.38,59.0,3.70031,1.13,232.534,33.8591,237.008,0.17395,1723.66,445.489,66.9,53.1,158.046,63.0396,0.69642,0,3.61822,0.0,1134.53,7.56481,0.0,15.0362,40.672,1.61016,83.6469,0.0,2.28698
2022-12-12 09:15:00,62.5998,1390.68,14.96,0,0.0,102.822,34.6825,43.5993,118.162,107.197,0.0,0.0,36.6833,124.498,16.9687,-0.07,236.454,0,1521.03,0.0,117.43,38.6498,9.16884,27.0985,144.963,0.89499,0.0,29.4547,0.0,77.8281,42.3026,2.48,0.0,638.728,109.235,14.9489,0.0,0.23426,1.553,0.31373,25.116,277.263,0.0,41.57,20.0,5.50088,1.653,207.723,8.78405,237.901,0.17395,1730.36,447.628,67.7,53.3,155.124,62.591,0.69642,0,3.16777,0.0,1144.27,6.99352,0.0,5.89303,40.4259,1.11942,85.2717,0.0,2.20352
2022-12-12 09:20:00,68.0959,1359.53,12.3607,0,0.0,105.162,38.0627,42.3993,117.963,105.103,0.0,0.0,35.4528,119.896,23.9073,-0.04,266.82,0,1547.89,0.0,125.56,27.8135,8.22889,20.9003,136.093,0.93499,0.0,32.3437,0.0,60.4918,41.9796,6.61,0.0,639.204,51.7999,9.84057,0.0,0.24479,1.451,0.29664,30.06,279.606,0.0,38.41,31.75,5.29946,0.958,175.679,3.75029,238.261,0.184,1744.67,453.599,67.7,53.3,155.475,90.1671,0.79896,0,3.09453,0.0,1171.89,12.0766,0.0,6.07004,40.5314,0.90945,102.756,0.0,4.46413
2022-12-12 09:25:00,67.7982,1307.16,14.96,0,0.0,83.8612,41.4722,45.7993,115.342,124.199,0.0,54.7585,0.34852,124.498,27.9706,-0.06,265.817,0,1612.71,0.0,108.19,28.1307,5.65316,24.4984,0.56499,0.0,0.0,28.9223,0.0,36.7882,42.155,2.15,0.0,641.2,55.6672,10.8743,0.527,1.77672,2.57,0.5066,23.258,276.823,0.0,19.03,4.5,4.49989,1.693,153.037,2.95068,238.913,0.17395,1734.65,449.144,67.1,53.3,151.268,107.224,0.0,0,3.5816,0.0,1177.33,23.3048,0.0,20.1816,39.5646,0.26002,127.094,0.0,3.19411
2022-12-12 09:30:00,77.0952,1317.59,0.46065,0,104.69,58.5812,55.3994,38.2994,117.31,136.703,0.0,152.526,3.24895,11.3969,25.9297,-0.06,266.671,0,1582.39,0.0,62.0523,5.70771,5.80453,27.599,106.333,0.61499,64.6519,28.9128,0.0,70.5126,42.4472,1.57,0.0,654.311,200.457,12.2337,9.282,2.8138,3.703,3.7464,25.644,293.059,0.0,6.1,4.75,3.99939,2.754,45.3422,6.07999,242.259,0.19405,1775.69,473.819,67.7,53.3,146.313,108.643,1.69619,0,2.91875,0.0,1141.34,9.85,0.01396,13.8705,39.4855,0.47975,0.0,0.0,4.18547
2022-12-12 09:35:00,59.0952,1245.51,0.47127,0,104.16,67.6302,3.96063,47.8993,117.9,129.102,0.0,167.234,86.2946,134.698,0.55114,-0.04,261.644,0,1505.65,0.0,114.623,0.37011,0.0,20.9003,129.823,0.0,9.98502,34.0013,0.0,26.8575,42.1242,0.56,0.77638,617.139,35.8274,1.65942,0.0,8.52563,3.957,0.53346,27.572,272.721,0.0,3.07,10.0,4.49989,1.016,95.3948,26.4356,196.51,0.1639,1726.12,442.196,66.9,53.3,155.948,166.441,0.72206,0,3.02129,0.0,1103.84,0.0,0.0,38.6145,38.8702,0.27955,0.0,0.0,0.0
2022-12-12 09:40:00,56.897,1194.22,0.46065,0,104.22,36.0601,0.0,48.4993,117.701,97.0005,0.0,143.684,87.1736,132.3,0.3255,-0.04,262.647,0,1438.61,0.0,89.1585,0.38521,0.0,27.0985,136.173,0.0,0.0,33.9203,0.0,0.10612,41.9796,0.56,0.30984,622.962,0.0,0.0,0.0,8.2361,3.17,1.38796,25.002,265.983,0.0,16.35,14.75,7.70123,4.37,80.1785,26.1739,196.995,0.17395,1595.63,433.049,66.2,53.3,157.607,83.1357,0.57679,0,3.33623,0.0,1091.63,0.0,0.0,39.7559,38.2286,0.62014,45.8497,0.0,0.00974
2022-12-12 09:45:00,32.2946,1195.93,0.43145,0,106.43,69.803,99.642,49.3993,119.732,97.5978,0.0,164.628,86.7842,134.499,0.3255,-0.06,260.587,0,1397.13,0.0,33.2738,0.37011,1.31472,24.8981,131.573,0.0,0.0,37.2997,0.0,40.0773,41.8904,0.56,0.12142,645.302,0.0,0.0,0.0,29.4041,1.055,0.99733,24.43,284.123,53.3699989319,16.59,12.0,6.30045,1.028,97.5738,40.051,199.226,0.184,1087.41,455.231,68.0,53.4,156.805,96.2554,1.91836,0,3.60357,0.0,1071.44,0.73121,0.0,11.4473,40.9181,2.03009,39.342,0.0,0.82864
2022-12-12 09:50:00,30.2959,1120.71,0.45003,0,106.21,70.0626,99.62,50.1992,120.517,100.097,0.0,158.497,84.853,135.698,22.7338,-0.03,216.563,0,1323.93,0.0,126.421,27.8437,11.227,22.7008,126.633,0.0,0.0,36.657,0.0,43.9337,41.9489,0.56,15.6349,627.522,93.957,14.4816,0.0,50.8827,1.715,6.16342,18.278,270.353,343.440002441,4.67,3.5,9.90158,1.419,100.311,51.6881,197.568,0.184,562.17,364.021,66.6,53.3,164.32,97.1527,8.2417,0,3.47539,0.0,1041.76,15.9658,0.0,16.9711,40.6456,2.45003,23.8071,0.0,0.53882
