SETTLEMENTDATE,B2PS,BARCALDN,BARCSF,BARRON,BLUEGSF,BRAEMARA,CALLIDE,CALLIDEC,CHILDSF,CLARESF,CLERMSF,COLUMSF,COOPGWF,CPSA,CSPVPS,DAYDSF,DDPS1,DDSF,DG_QLD1,EMERASF,G/STONE,GANGARR,GERMCRK,HAMISF,HAUGHT11,HAYMSF,HUGSF,KAREEYA,KEPBG,KEPSF,KEPWF,KOGANCK,KS,LILYSF,LRSF,MARYRSF,MBAHNTH,MEWF,MIDDLSF,MILLMERN,MSTUART,NETIC,OAKEY,OAKEYSF,PIONEER,ROMA,RPCG,RRSF,RUGBYR1,SMCSF,SRSF,STANWELL,SWANBANK,TARONG,TARONGN,WANDB1,WARWSF,WDGPH,WHITSF,WIVENHOE,WOOLGSF,YABULU,YARANSF,YARWUN,KABANWF,MOUSF,NEV
2022-12-19 00:00:00,0.47333,0.0,0.1,0.0,0.0,0.0,639.7,0.0,0.0,0.0,0.0,0.0,391.46,0.0,0.0,0.0,0.0,0.0,0,0.0,750.925,0.0,1.1,0.0,0.0,0.0,-0.182,4.6575,0.02,0.0,9.84,0.0,0.0,0.0,0.004,0.0,47.2875,100.549,0.0,859.617,0.0,0.0,0.0,0.0,10.3,0.0,11.1,0.0,0.0,0.0,0.0,1032.55,0.2175,1344.0,300.438,0.0,0.0,0.0,0.0,165.67,0.0,0.0,0.0,114.6,29.972,0.0,
2022-12-19 00:05:00,0.47333,0.0,0.1,0.0,0.0,0.0,640.9,0.0,0.0,0.0,0.0,0.0,391.68,0.0,0.0,0.0,0.0,0.0,0,0.0,751.1,0.0,1.1,0.0,0.0,0.0,-0.182,4.7175,0.02,0.0,9.86,0.0,0.0,0.0,0.004,0.0,47.3062,99.0126,0.0,861.922,0.0,0.0,0.0,0.0,9.8,0.0,11.1,0.0,0.0,0.0,0.0,975.511,0.2175,1277.6,299.5,0.0,0.0,0.0,0.0,164.06,0.0,0.0,0.0,115.41,36.981,0.0,
2022-12-19 00:10:00,0.47333,0.0,0.1,0.0,0.0,0.0,639.8,0.0,0.0,0.0,0.0,0.0,388.02,0.0,0.0,0.0,0.0,0.0,0,0.0,750.75,0.0,1.1,0.0,0.0,0.0,-0.182,4.495,0.02,0.0,9.13,0.0,0.0,0.0,0.004,0.0,47.2688,101.429,0.0,861.677,0.0,0.0,0.0,0.0,9.8,0.0,11.1,0.0,0.0,0.0,0.0,928.957,0.2175,1252.6,299.312,0.0,0.0,0.0,0.0,165.48,0.0,0.0,0.0,114.35,34.603,0.0,
2022-12-19 00:15:00,0.47333,0.0,0.1,0.0,0.0,0.0,639.5,0.0,0.0,0.0,0.0,0.0,377.83,0.0,0.0,0.0,0.0,0.0,0,0.0,751.275,0.0,1.1,0.0,0.0,0.0,-0.182,4.6075,0.02,0.0,9.23,0.0,0.0,0.0,0.004,0.0,47.325,106.205,0.0,860.93,0.0,0.0,0.0,0.0,9.8,0.0,11.1,0.0,0.0,0.0,0.0,918.536,0.2175,1250.6,299.5,0.0,0.0,0.0,0.0,163.49,0.0,0.0,0.0,114.81,35.505,0.0,
2022-12-19 00:20:00,0.47333,0.0,0.1,0.0,0.0,0.0,640.4,0.0,0.0,0.0,0.0,0.0,375.29,0.0,0.0,0.0,0.0,0.0,0,0.0,750.75,0.0,1.1,0.0,0.0,0.0,-0.182,4.7,0.02,0.0,10.13,0.0,0.0,0.0,0.004,0.0,47.2875,99.0167,0.0,861.815,0.0,0.0,0.0,0.0,9.9,0.0,11.1,0.0,0.0,0.0,0.0,884.505,0.2175,1251.5,301.0,0.0,0.0,0.0,0.0,164.37,0.0,0.0,0.0,114.4,29.088,0.0,
2022-12-19 00:25:00,0.47333,0.0,0.1,0.0,0.0,0.0,638.8,0.0,0.0,0.0,0.0,0.0,376.36,0.0,0.0,0.0,0.0,0.0,0,0.0,750.575,0.0,1.5,0.0,0.0,0.0,-0.182,4.64,0.02,0.0,10.82,0.0,0.0,0.0,0.004,0.0,47.3062,101.417,0.0,861.25,0.0,0.0,0.0,0.0,10.1,0.0,11.1,0.0,0.0,0.0,0.0,895.708,0.2175,1251.1,300.062,0.0,0.0,0.0,0.0,163.36,0.0,0.0,0.0,114.15,38.08,0.0,
2022-12-19 00:30:00,0.47333,0.0,0.1,0.0,0.0,0.0,640.3,0.0,0.0,0.0,0.0,0.0,372.42,0.0,0.0,0.0,0.0,0.0,0,0.0,750.225,0.0,2.7,0.0,0.0,0.0,-0.182,4.695,0.02,0.0,12.62,0.0,0.0,0.0,0.004,0.0,47.3438,99.5574,0.0,860.563,0.0,0.0,0.0,0.0,9.8,0.0,11.1,0.0,0.0,0.0,0.0,883.005,0.2175,1246.4,300.438,0.0,0.0,0.0,0.0,164.56,0.0,0.0,0.0,115.01,38.008,0.0,
2022-12-19 00:35:00,0.47333,0.0,0.1,0.0,0.0,0.0,634.4,0.0,0.0,0.0,0.0,0.0,373.95,0.0,0.0,0.0,0.0,0.0,0,0.0,750.925,0.0,2.7,0.0,0.0,0.0,-0.182,4.5525,0.02,0.0,14.31,0.0,0.0,0.0,0.004,0.0,47.3062,100.508,0.0,858.29,0.0,0.0,0.0,0.0,10.0,0.0,11.1,0.0,0.0,0.0,0.0,903.155,0.2175,1242.5,298.375,0.0,0.0,0.0,0.0,163.06,0.0,0.0,0.0,115.87,38.113,0.0,
2022-12-19 00:40:00,0.47333,0.0,0.1,0.0,0.0,0.0,636.4,0.0,0.0,0.0,0.0,0.0,378.42,0.0,0.0,0.0,0.0,0.0,0,0.0,751.45,0.0,3.3,0.0,0.0,0.0,-0.182,4.5175,0.02,0.0,13.11,0.0,0.0,0.0,0.004,0.0,47.4,103.338,0.0,857.466,0.0,0.0,0.0,0.0,10.1,0.0,11.1,0.0,0.0,0.0,0.0,872.226,0.2175,1239.4,298.0,0.0,0.0,0.0,0.0,161.89,0.0,0.0,0.0,113.8,37.907,0.0,
2022-12-19 00:45:00,0.47333,0.0,0.1,0.0,0.0,0.0,636.2,0.0,0.0,0.0,0.0,0.0,386.06,0.0,0.0,0.0,0.0,0.0,0,0.0,750.225,0.0,3.8,0.0,0.0,0.0,-0.182,4.5825,0.02,0.0,11.13,0.0,0.0,0.0,0.004,0.0,47.325,115.626,0.0,858.87,0.0,0.0,0.0,0.0,10.4,0.0,11.1,0.0,0.0,0.0,0.0,868.739,0.2175,1239.6,299.125,0.0,0.0,0.0,0.0,164.8,0.0,0.0,0.0,113.69,38.085,0.0,
2022-12-19 00:50:00,0.47333,0.0,0.1,0.0,0.0,0.0,644.4,0.0,0.0,0.0,0.0,0.0,384.88,0.0,0.0,0.0,0.0,0.0,0,0.0,750.75,0.0,4.1,0.0,0.0,0.0,-0.182,4.64,0.02,0.0,10.38,0.0,0.0,0.0,0.004,0.0,47.4,117.371,0.0,861.54,0.0,0.0,0.0,0.0,10.1,0.0,12.5,0.0,0.0,0.0,0.0,852.204,0.2175,1244.3,304.75,0.0,0.0,0.0,0.0,167.92,0.0,0.0,0.0,114.25,37.96,0.0,
2022-12-19 00:55:00,0.47333,0.0,0.1,0.0,0.0,0.0,638.2,0.0,0.0,0.0,0.0,0.0,384.46,0.0,0.0,0.0,0.0,0.0,0,0.0,749.7,0.0,4.1,0.0,0.0,0.0,-0.182,4.78,0.02,0.0,10.46,0.0,0.0,0.0,0.004,0.0,47.3062,113.275,0.0,861.052,0.0,0.0,0.0,0.0,10.1,0.0,13.7,0.0,0.0,0.0,0.0,844.898,0.2175,1226.6,300.812,0.0,0.0,0.0,0.0,165.01,0.0,0.0,0.0,114.4,38.003,0.0,
2022-12-19 01:00:00,0.47333,0.0,0.1,0.0,0.0,0.0,634.8,0.0,0.0,0.0,0.0,0.0,373.09,0.0,0.0,0.0,0.0,0.0,0,0.0,749.875,0.0,4.1,0.0,0.0,0.0,-0.182,4.6125,0.02,0.0,10.75,0.0,0.0,0.0,0.004,0.0,47.2875,112.038,0.0,861.204,0.0,0.0,0.0,0.0,10.1,0.0,8.9,0.0,0.0,0.0,0.0,794.05,0.2175,1186.3,297.812,0.0,0.0,0.0,0.0,163.12,0.0,0.0,0.0,115.31,37.899,0.0,
2022-12-19 01:05:00,0.47333,0.0,0.1,0.0,0.0,0.0,646.2,0.0,0.0,0.0,0.0,0.0,370.98,0.0,0.0,0.0,0.0,0.0,0,0.0,749.875,0.0,3.5,0.0,0.0,0.0,-0.182,4.8025,0.02,0.0,11.32,0.0,0.0,0.0,0.004,0.0,47.3062,108.798,0.0,861.662,0.0,0.0,0.0,0.0,10.4,0.0,10.6,0.0,0.0,0.0,0.0,812.392,0.2175,1221.1,305.312,0.0,0.0,0.0,0.0,167.9,0.0,0.0,0.0,114.6,38.004,0.0,
2022-12-19 01:10:00,0.47333,0.0,0.1,0.0,0.0,0.0,640.2,0.0,0.0,0.0,0.0,0.0,381.41,0.0,0.0,0.0,0.0,0.0,0,0.0,751.625,0.0,3.8,0.0,0.0,0.0,-0.182,4.705,0.02,0.0,10.94,0.0,0.0,0.0,0.004,0.0,47.5125,117.043,0.0,860.563,0.0,0.0,0.0,0.0,10.0,0.0,14.6,0.0,0.0,0.0,0.0,846.795,0.2175,1227.7,302.313,0.0,0.0,0.0,0.0,165.02,0.0,0.0,0.0,116.22,38.058,0.0,
2022-12-19 01:15:00,0.47333,0.0,0.1,0.0,0.0,0.0,639.1,0.0,0.0,0.0,0.0,0.0,380.25,0.0,0.0,0.0,0.0,0.0,0,0.0,751.625,0.0,3.8,0.0,0.0,0.0,-0.182,4.55,0.02,0.0,9.9,0.0,0.0,0.0,0.004,0.0,47.2875,115.855,0.0,864.546,0.0,0.0,0.0,0.0,10.3,0.0,14.6,0.0,0.0,0.0,0.0,844.962,0.2175,1208.6,298.562,0.0,0.0,0.0,0.0,163.22,0.0,0.0,0.0,114.7,37.817,0.0,
2022-12-19 01:20:00,0.47333,0.0,0.1,0.0,0.0,0.0,639.8,0.0,0.0,0.0,0.0,0.0,395.01,0.0,0.0,0.0,0.0,0.0,0,0.0,749.35,0.0,4.4,0.0,0.0,0.0,-0.182,4.685,0.02,0.0,8.58,0.0,0.0,0.0,0.004,0.0,47.4187,122.991,0.0,864.073,0.0,0.0,0.0,0.0,10.2,0.0,15.9,0.0,0.0,0.0,0.0,844.693,0.2175,1211.5,300.812,0.0,0.0,0.0,0.0,162.5,0.0,0.0,0.0,114.4,33.033,0.0,
2022-12-19 01:25:00,0.47333,0.0,0.1,0.0,0.0,0.0,635.4,0.0,0.0,0.0,0.0,0.0,387.18,0.0,0.0,0.0,0.0,0.0,0,0.0,751.45,0.0,4.3,0.0,0.0,0.0,-0.182,4.465,0.02,0.0,8.05,0.0,0.0,0.0,0.004,0.0,47.3438,118.395,0.0,862.44,0.0,0.0,0.0,0.0,9.6,0.0,14.4,0.0,0.0,0.0,0.0,815.622,0.2175,1198.7,296.5,0.0,0.0,0.0,0.0,162.35,0.0,0.0,0.0,114.0,32.923,0.0,
2022-12-19 01:30:00,0.47333,0.0,0.1,0.0,0.0,0.0,640.4,0.0,0.0,0.0,0.0,0.0,386.96,0.0,0.0,0.0,0.0,0.0,0,0.0,748.825,0.0,4.3,0.0,0.0,0.0,-0.182,4.7275,0.02,0.0,8.77,0.0,0.0,0.0,0.004,0.0,47.3625,112.386,0.0,864.79,0.0,0.0,0.0,0.0,10.0,0.0,14.7,0.0,0.0,0.0,0.0,795.473,0.2175,1183.1,300.062,0.0,0.0,0.0,0.0,165.33,0.0,0.0,0.0,115.71,28.67,0.0,
2022-12-19 01:35:00,0.47333,0.0,0.1,0.0,0.0,0.0,639.1,0.0,0.0,0.0,0.0,0.0,391.01,0.0,0.0,0.0,0.0,0.0,0,0.0,751.275,0.0,4.3,0.0,0.0,0.0,-0.182,4.81,0.02,0.0,9.52,0.0,0.0,0.0,0.004,0.0,47.3438,117.477,0.0,865.355,0.0,0.0,0.0,0.0,10.0,0.0,10.8,0.0,0.0,0.0,0.0,841.565,0.2175,1208.4,302.313,0.0,0.0,0.0,0.0,163.62,0.0,0.0,0.0,114.35,21.994,0.0,
2022-12-19 01:40:00,0.47333,0.0,0.1,0.0,0.0,0.0,643.2,0.0,0.0,0.0,0.0,0.0,386.41,0.0,0.0,0.0,0.0,0.0,0,0.0,751.275,0.0,4.4,0.0,0.0,0.0,-0.182,4.7025,0.02,0.0,9.75,0.0,0.0,0.0,0.004,0.0,47.3438,118.215,0.0,866.24,0.0,0.0,0.0,0.0,9.4,0.0,10.8,0.0,0.0,0.0,0.0,837.784,0.2175,1215.1,303.625,0.0,0.0,0.0,0.0,166.96,0.0,0.0,0.0,113.54,25.652,0.0,
2022-12-19 01:45:00,0.47333,0.0,0.1,0.0,0.0,0.0,640.7,0.0,0.0,0.0,0.0,0.0,385.16,0.0,0.0,0.0,0.0,0.0,0,0.0,751.1,0.0,4.4,0.0,0.0,0.0,-0.182,4.74,0.02,0.0,10.01,0.0,0.0,0.0,0.004,0.0,47.4375,112.64,0.0,866.896,0.0,0.0,0.0,0.0,10.0,0.0,12.3,0.0,0.0,0.0,0.0,845.603,0.2175,1209.3,300.062,0.0,0.0,0.0,0.0,164.4,0.0,0.0,0.0,114.05,25.04,0.0,
2022-12-19 01:50:00,0.47333,0.0,0.1,0.0,0.0,0.0,642.6,0.0,0.0,0.0,0.0,0.0,378.09,0.0,0.0,0.0,0.0,0.0,0,0.0,750.925,0.0,2.1,0.0,0.0,0.0,-0.182,4.7425,0.02,0.0,8.43,0.0,0.0,0.0,0.004,0.0,47.25,106.115,0.0,866.148,0.0,0.0,0.0,0.0,9.3,0.0,12.3,0.0,0.0,0.0,0.0,809.047,0.2175,1219.8,304.75,0.0,0.0,0.0,0.0,166.29,0.0,0.0,0.0,114.15,22.042,0.0,
2022-12-19 01:55:00,0.47333,0.0,0.1,0.0,0.0,0.0,631.9,0.0,0.0,0.0,0.0,0.0,384.42,0.0,0.0,0.0,0.0,0.0,0,0.0,756.35,0.0,4.0,0.0,0.0,0.0,-0.182,4.5475,0.02,0.0,8.5,0.0,0.0,0.0,0.004,0.0,47.2688,115.274,0.0,861.052,0.0,0.0,0.0,0.0,9.8,0.0,12.3,0.0,0.0,0.0,0.0,825.146,0.2175,1197.0,300.062,0.0,0.0,0.0,0.0,161.69,0.0,0.0,0.0,114.4,22.402,0.0,
2022-12-19 02:00:00,0.47333,0.0,0.1,0.0,0.0,0.0,640.2,0.0,0.0,0.0,0.0,0.0,385.53,0.0,0.0,0.0,0.0,0.0,0,0.0,751.275,0.0,3.9,0.0,0.0,0.0,-0.182,4.4775,0.02,0.0,6.89,0.0,0.0,0.0,0.004,0.0,47.2688,117.69,0.0,864.119,0.0,0.0,0.0,0.0,9.8,0.0,12.3,0.0,0.0,0.0,0.0,806.74,0.2175,1152.0,300.625,0.0,0.0,0.0,0.0,165.53,0.0,0.0,0.0,115.51,28.902,0.0,
2022-12-19 02:05:00,0.47333,0.0,0.1,0.0,0.0,0.0,638.8,0.0,0.0,0.0,0.0,0.0,385.15,0.0,0.0,0.0,0.0,0.0,0,0.0,760.025,0.0,4.3,0.0,0.0,0.0,-0.182,4.75,0.02,0.0,6.38,0.0,0.0,0.0,0.004,0.0,47.2875,125.739,0.0,864.79,0.0,0.0,0.0,0.0,9.9,0.0,12.3,0.0,0.0,0.0,0.0,804.407,0.2175,1183.4,300.062,0.0,0.0,0.0,0.0,163.12,0.0,0.0,0.0,115.41,24.026,0.0,
2022-12-19 02:10:00,0.47333,0.0,0.1,0.0,0.0,0.0,641.3,0.0,0.0,0.0,0.0,0.0,382.84,0.0,0.0,0.0,0.0,0.0,0,0.0,750.925,0.0,4.3,0.0,0.0,0.0,-0.182,4.6075,0.02,0.0,8.51,0.0,0.0,0.0,0.004,0.0,47.3438,145.891,0.0,862.273,0.0,0.0,0.0,0.0,9.8,0.0,12.3,0.0,0.0,0.0,0.0,835.862,0.2175,1215.9,300.25,0.0,0.0,0.0,0.0,164.58,0.0,0.0,0.0,115.41,17.312,0.0,
2022-12-19 02:15:00,0.47333,0.0,0.1,0.0,0.0,0.0,639.5,0.0,0.0,0.0,0.0,0.0,392.92,0.0,0.0,0.0,0.0,0.0,0,0.0,755.3,0.0,4.3,0.0,0.0,0.0,-0.182,4.58,0.02,0.0,9.84,0.0,0.0,0.0,0.004,0.0,47.4187,145.998,0.0,863.448,0.0,0.0,0.0,0.0,9.6,0.0,12.3,0.0,0.0,0.0,0.0,850.051,0.2175,1212.9,299.875,0.0,0.0,0.0,0.0,164.82,0.0,0.0,0.0,113.95,17.046,0.0,
2022-12-19 02:20:00,0.47333,0.0,0.1,0.0,0.0,0.0,637.6,0.0,0.0,0.0,0.0,0.0,393.2,0.0,0.0,0.0,0.0,0.0,0,0.0,756.7,0.0,4.4,0.0,0.0,0.0,-0.182,4.3975,0.02,0.0,11.08,0.0,0.0,0.0,0.004,0.0,47.475,138.109,0.0,864.745,0.0,0.0,0.0,0.0,10.9,0.0,12.3,0.0,0.0,0.0,0.0,844.27,0.2175,1210.9,298.938,0.0,0.0,0.0,0.0,164.78,0.0,0.0,0.0,115.82,25.488,0.0,
2022-12-19 02:25:00,0.47333,0.0,0.1,0.0,0.0,0.0,639.9,0.0,0.0,0.0,0.0,0.0,388.63,0.0,0.0,0.0,0.0,0.0,0,0.0,753.025,0.0,4.4,0.0,0.0,0.0,-0.182,4.6375,0.02,0.0,13.37,0.0,0.0,0.0,0.004,0.0,47.3438,136.708,0.0,864.653,0.0,0.0,0.0,0.0,10.2,0.0,12.3,0.0,0.0,0.0,0.0,845.988,0.2175,1214.1,298.0,0.0,0.0,0.0,0.0,164.05,0.0,0.0,0.0,115.61,27.447,0.0,
2022-12-19 02:30:00,0.47333,0.0,0.1,0.0,0.0,0.0,638.9,0.0,0.0,0.0,0.0,0.0,389.57,0.0,0.0,0.0,0.0,0.0,0,0.0,756.175,0.0,4.3,0.0,0.0,0.0,-0.182,4.6425,0.02,0.0,14.81,0.0,0.0,0.0,0.004,0.0,47.3813,129.335,0.0,864.546,0.0,0.0,0.0,0.0,11.3,0.0,12.3,0.0,0.0,0.0,0.0,844.398,0.2175,1213.9,300.062,0.0,0.0,0.0,0.0,163.23,0.0,0.0,0.0,115.56,24.29,0.0,
2022-12-19 02:35:00,0.47333,0.0,0.1,0.0,0.0,0.0,639.1,0.0,0.0,0.0,0.0,0.0,395.75,0.0,0.0,0.0,0.0,0.0,0,0.0,750.225,0.0,4.4,0.0,0.0,0.0,-0.182,4.7175,0.02,0.0,15.28,0.0,0.0,0.0,0.004,0.0,47.2875,131.99,0.0,866.148,0.0,0.0,0.0,0.0,11.0,0.0,12.3,0.0,0.0,0.0,0.0,840.86,0.2175,1209.1,299.875,0.0,0.0,0.0,0.0,165.42,0.0,0.0,0.0,113.85,21.469,0.0,
2022-12-19 02:40:00,0.47333,0.0,0.1,0.0,0.0,0.0,638.8,0.0,0.0,0.0,0.0,0.0,404.93,0.0,0.0,0.0,0.0,0.0,0,0.0,753.025,0.0,4.3,0.0,0.0,0.0,-0.182,4.4675,0.02,0.0,15.97,0.0,0.0,0.0,0.004,0.0,47.3813,133.898,0.0,864.714,0.0,0.0,0.0,0.0,10.9,0.0,12.3,0.0,0.0,0.0,0.0,802.894,0.2175,1214.6,300.438,0.0,0.0,0.0,0.0,164.31,0.0,0.0,0.0,114.65,14.094,0.0,
2022-12-19 02:45:00,0.47333,0.0,0.1,0.0,0.0,0.0,636.9,0.0,0.0,0.0,0.0,0.0,400.61,0.0,0.0,0.0,0.0,0.0,0,0.0,753.725,0.0,4.3,0.0,0.0,0.0,-0.182,4.7275,0.02,0.0,18.63,0.0,0.0,0.0,0.004,0.0,47.4563,136.061,0.0,865.401,0.0,0.0,0.0,0.0,11.0,0.0,12.3,0.0,0.0,0.0,0.0,825.838,0.2175,1206.0,299.125,0.0,0.0,0.0,0.0,162.72,0.0,0.0,0.0,114.91,14.226,0.0,
2022-12-19 02:50:00,0.47333,0.0,0.1,0.0,0.0,0.0,640.9,0.0,0.0,0.0,0.0,0.0,391.83,0.0,0.0,0.0,0.0,0.0,0,0.0,754.25,0.0,4.4,0.0,0.0,0.0,-0.182,4.67,0.02,0.0,19.46,0.0,0.0,0.0,0.004,0.0,47.3438,130.183,0.0,865.706,0.0,0.0,0.0,0.0,10.9,0.0,12.3,0.0,0.0,0.0,0.0,806.214,0.2175,1157.2,302.688,0.0,0.0,0.0,0.0,165.12,0.0,0.0,0.0,115.31,13.666,0.0,
2022-12-19 02:55:00,0.47333,0.0,0.1,0.0,0.0,0.0,637.9,0.0,0.0,0.0,0.0,0.0,384.29,0.0,0.0,0.0,0.0,0.0,0,0.0,755.3,0.0,4.3,0.0,0.0,0.0,-0.182,4.485,0.02,0.0,18.8,0.0,0.0,0.0,0.004,0.0,47.3438,128.221,0.0,866.805,0.0,0.0,0.0,0.0,10.1,0.0,12.3,0.0,0.0,0.0,0.0,820.942,0.2175,1209.5,299.5,0.0,0.0,0.0,0.0,165.34,0.0,0.0,0.0,115.01,16.362,0.0,
2022-12-19 03:00:00,0.47333,0.0,0.1,0.0,0.0,0.0,639.8,0.0,0.0,0.0,0.0,0.0,370.92,0.0,0.0,0.0,0.0,0.0,0,0.0,750.575,0.0,4.4,0.0,0.0,0.0,-0.182,4.7025,0.02,0.0,17.95,0.0,0.0,0.0,0.004,0.0,47.4187,123.085,0.0,865.233,0.0,0.0,0.0,0.0,12.6,0.0,12.3,0.0,0.0,0.0,0.0,802.535,0.2175,1213.6,302.313,0.0,0.0,0.0,0.0,165.04,0.0,0.0,0.0,115.56,14.292,0.0,
2022-12-19 03:05:00,0.47333,0.0,0.1,0.0,0.0,0.0,636.9,0.0,0.0,0.0,0.0,0.0,363.29,0.0,0.0,0.0,0.0,0.0,0,0.0,751.975,0.0,4.4,0.0,0.0,0.0,-0.182,4.7025,0.02,0.0,18.56,0.0,0.0,0.0,0.004,0.0,47.325,110.035,0.0,864.516,0.0,0.0,0.0,0.0,13.0,0.0,12.3,0.0,0.0,0.0,0.0,834.285,0.2175,1224.7,298.562,0.0,0.0,0.0,0.0,164.56,0.0,0.0,0.0,115.16,11.196,0.0,
2022-12-19 03:10:00,0.47333,0.0,0.1,0.0,0.0,0.0,638.7,0.0,0.0,0.0,0.0,0.0,376.97,0.0,0.0,0.0,0.0,0.0,0,0.0,753.2,0.0,4.7,0.0,0.0,0.0,-0.182,4.6125,0.02,0.0,15.96,0.0,0.0,0.0,0.004,0.0,47.4187,101.765,0.0,865.904,0.0,0.0,0.0,0.0,12.4,0.0,12.3,0.0,0.0,0.0,0.0,849.513,0.2175,1209.8,298.375,0.0,0.0,0.0,0.0,163.42,0.0,0.0,0.0,115.51,20.859,0.0,
2022-12-19 03:15:00,0.47333,0.0,0.1,0.0,0.0,0.0,637.9,0.0,0.0,0.0,0.0,0.0,380.9,0.0,0.0,0.0,0.0,0.0,0,0.0,753.2,0.0,5.4,0.0,0.0,0.0,-0.182,4.505,0.02,0.0,14.07,0.0,0.0,0.0,0.004,0.0,47.4563,100.762,0.0,864.439,0.0,0.0,0.0,0.0,12.8,0.0,12.3,0.0,0.0,0.0,0.0,858.075,0.2175,1243.4,299.125,0.0,0.0,0.0,0.0,162.74,0.0,0.0,0.0,114.0,18.648,0.0,
2022-12-19 03:20:00,0.47333,0.0,0.1,0.0,0.0,0.0,639.0,0.0,0.0,0.0,0.0,0.0,370.15,0.0,0.0,0.0,0.0,0.0,0,0.0,754.425,0.0,5.5,0.0,0.0,0.0,-0.182,4.79,0.02,0.0,14.41,0.0,0.0,0.0,0.004,0.0,47.3813,98.0582,0.0,865.401,0.0,0.0,0.0,0.0,13.0,0.0,12.6,0.0,0.0,0.0,0.0,842.655,0.2175,1211.8,300.062,0.0,0.0,0.0,0.0,164.1,0.0,0.0,0.0,112.79,18.478,0.0,
2022-12-19 03:25:00,0.47333,0.0,0.1,0.0,0.0,0.0,641.0,0.0,0.0,0.0,0.0,0.0,365.39,0.0,0.0,0.0,0.0,0.0,0,0.0,750.925,0.0,5.5,0.0,0.0,0.0,-0.182,4.7225,0.02,0.0,15.54,0.0,0.0,0.0,0.004,0.0,47.3438,96.2191,0.0,864.577,0.0,0.0,0.0,0.0,12.8,0.0,12.6,0.0,0.0,0.0,0.0,847.885,0.2175,1247.9,300.062,0.0,0.0,0.0,0.0,165.1,0.0,0.0,0.0,114.35,25.109,0.0,
2022-12-19 03:30:00,0.47333,0.0,0.1,0.0,0.0,0.0,639.8,0.0,0.0,0.0,0.0,0.0,365.81,0.0,0.0,0.0,0.0,0.0,0,0.0,755.475,0.0,5.4,0.0,0.0,0.0,-0.182,4.725,0.02,0.0,12.56,0.0,0.0,0.0,0.004,0.0,47.325,92.0986,0.0,865.691,0.0,0.0,0.0,0.0,13.3,0.0,13.7,0.0,0.0,0.0,0.0,862.318,0.2175,1246.5,299.312,0.0,0.0,0.0,0.0,165.01,0.0,0.0,0.0,115.11,16.329,0.0,
2022-12-19 03:35:00,0.47333,0.0,0.1,0.0,0.0,0.0,637.7,0.0,0.0,0.0,0.0,0.0,368.21,0.0,0.0,0.0,0.0,0.0,0,0.0,751.625,0.0,5.4,0.0,0.0,0.0,-0.182,4.7275,0.02,0.0,13.07,0.0,0.0,0.0,0.004,0.0,47.4187,70.2423,0.0,865.309,0.0,0.0,0.0,0.0,12.7,0.0,12.3,0.0,0.0,0.0,0.0,843.745,0.2175,1242.1,300.062,0.0,0.0,0.0,0.0,166.14,0.0,0.0,0.0,114.2,16.795,0.0,
2022-12-19 03:40:00,0.47333,0.0,0.1,0.0,0.0,0.0,638.8,0.0,0.0,0.0,0.0,0.0,373.97,0.0,0.0,0.0,0.0,0.0,0,0.0,752.85,0.0,5.5,0.0,0.0,0.0,-0.182,4.7975,0.02,0.0,11.93,0.0,0.0,0.0,0.004,0.0,47.3625,80.9451,0.0,865.37,0.0,0.0,0.0,0.0,12.9,0.0,12.3,0.0,0.0,0.0,0.0,881.108,0.2175,1252.7,300.062,0.0,0.0,0.0,0.0,165.25,0.0,0.0,0.0,115.41,21.963,0.0,
2022-12-19 03:45:00,0.47333,0.0,0.1,0.0,0.0,0.0,640.4,0.0,0.0,0.0,0.0,0.0,374.24,0.0,0.0,0.0,0.0,0.0,0,0.0,750.4,0.0,5.5,0.0,0.0,0.0,-0.182,4.6025,0.02,0.0,13.47,0.0,0.0,0.0,0.004,0.0,47.4,77.5741,0.0,865.645,0.0,0.0,0.0,0.0,12.9,0.0,10.8,0.0,0.0,0.0,0.0,852.73,0.2175,1247.7,300.625,0.0,0.0,0.0,0.0,167.46,0.0,0.0,0.0,114.4,24.675,0.0,
2022-12-19 03:50:00,0.47333,0.0,0.1,0.0,0.0,0.0,639.6,0.0,0.0,0.0,0.0,0.0,360.65,0.0,0.0,0.0,0.0,0.0,0,0.0,751.8,0.0,5.5,0.0,0.0,0.0,-0.182,4.71,0.02,0.0,15.55,0.0,0.0,0.0,0.004,0.0,47.4,75.1616,0.0,865.096,0.0,0.0,0.0,0.0,13.0,0.0,12.2,0.0,0.0,0.0,0.0,886.12,0.2175,1251.6,298.562,0.0,0.0,0.0,0.0,163.28,0.0,0.0,0.0,115.71,20.375,0.0,
2022-12-19 03:55:00,0.47333,0.0,0.1,0.0,0.0,0.0,636.6,0.0,0.0,0.0,0.0,0.0,356.31,0.0,0.0,0.0,0.0,0.0,0,0.0,751.625,0.0,5.5,0.0,0.0,0.0,-0.182,4.6775,0.02,0.0,15.38,0.0,0.0,0.0,0.004,0.0,47.3625,76.247,0.0,861.739,0.0,0.0,0.0,0.0,13.1,0.0,12.2,0.0,0.0,0.0,0.0,900.361,0.2175,1247.9,298.375,0.0,0.0,0.0,0.0,165.56,0.0,0.0,0.0,115.11,22.407,0.0,
2022-12-19 04:00:00,0.47333,0.0,0.1,0.0,0.0,0.0,639.0,0.0,0.0,0.0,0.0,0.0,345.37,0.0,0.0,0.0,0.0,0.0,0,0.0,750.575,0.0,5.5,0.0,0.0,0.0,-0.182,4.6675,0.02,0.0,12.29,0.0,0.0,0.0,0.004,0.0,47.4375,83.8164,0.0,864.775,0.0,0.0,0.0,0.0,12.8,0.0,12.2,0.0,0.0,0.0,0.0,913.191,0.2175,1249.9,299.688,0.0,0.0,0.0,0.0,165.3,0.0,0.0,0.0,115.26,13.555,0.0,
2022-12-19 04:05:00,0.47333,0.0,0.1,0.0,0.0,0.0,640.1,0.0,0.0,0.0,0.0,0.0,351.26,0.0,0.0,0.0,0.0,0.0,0,0.0,754.25,0.0,5.4,0.0,0.0,0.0,-0.182,4.7825,0.02,0.0,11.72,0.0,0.0,0.0,0.004,0.0,47.325,85.7989,0.0,868.224,0.0,0.0,0.0,0.0,12.8,0.0,12.2,0.0,0.0,0.0,0.0,886.236,0.2175,1249.4,302.875,0.0,0.0,0.0,0.0,165.77,0.0,0.0,0.0,115.01,15.423,0.0,
2022-12-19 04:10:00,0.47333,0.0,0.1,0.0,0.0,0.0,639.2,0.0,0.0,0.0,0.0,0.0,351.22,0.0,0.0,0.0,0.0,0.0,0,0.0,755.3,0.0,5.5,0.0,0.0,0.0,-0.182,4.5775,0.02,0.0,10.61,0.0,0.0,0.0,0.004,0.0,47.4,92.3935,0.0,869.444,0.0,0.0,0.0,0.0,13.0,0.0,10.8,0.0,0.0,0.0,0.0,895.99,0.2175,1250.6,299.312,0.0,0.0,0.0,0.0,163.49,0.0,0.0,0.0,115.01,28.56,0.0,
2022-12-19 04:15:00,0.47333,0.0,0.1,0.0,0.0,0.0,638.3,0.0,0.0,0.0,0.0,0.0,354.76,0.0,0.0,0.0,0.0,0.0,0,0.0,753.375,0.0,5.5,0.0,0.0,0.0,-0.182,4.6825,0.02,0.0,14.83,0.0,0.0,0.0,0.004,0.0,47.4,88.7767,0.0,869.093,0.0,0.0,0.0,0.0,12.8,0.0,10.8,0.0,0.0,0.0,0.0,878.763,0.2175,1245.6,299.125,0.0,0.0,0.0,0.0,163.34,0.0,0.0,0.0,114.4,32.305,0.0,
2022-12-19 04:20:00,0.47333,0.0,0.1,0.0,0.0,0.0,635.3,0.0,0.0,0.0,0.0,0.0,354.2,0.0,0.0,0.0,0.0,0.0,0,0.0,751.1,0.0,6.2,0.0,0.0,0.0,-0.182,4.57,0.02,0.0,14.87,0.0,0.0,0.0,0.004,0.0,47.2312,91.0008,0.0,868.926,0.0,0.0,0.0,0.0,12.6,0.0,10.8,0.0,0.0,0.0,0.0,876.174,0.2175,1239.5,298.938,0.0,0.0,0.0,0.0,161.26,0.0,0.0,0.0,112.73,29.855,0.0,
2022-12-19 04:25:00,0.47333,0.0,0.1,0.0,0.0,0.0,637.5,0.0,0.0,0.0,0.0,0.0,360.66,0.0,0.0,0.0,0.0,0.0,0,0.0,752.15,0.0,6.3,0.0,0.0,0.0,-0.182,4.6175,0.02,0.0,15.25,0.0,0.0,0.0,0.004,0.0,47.2875,85.8112,0.0,869.246,0.0,0.0,0.0,0.0,12.9,0.0,10.8,0.0,0.0,0.0,0.0,874.187,0.2175,1242.7,299.312,0.0,0.0,0.0,0.0,164.71,0.0,0.0,0.0,115.26,32.231,0.0,
2022-12-19 04:30:00,0.47333,0.0,0.1,0.0,0.0,0.0,641.2,0.0,0.0,0.0,0.0,0.0,370.26,0.0,0.0,0.0,0.0,0.0,0,0.0,752.15,0.0,6.3,0.0,0.0,0.0,-0.182,4.7,0.02,0.0,20.34,0.0,0.0,0.0,0.004,0.0,47.2688,91.6439,0.0,868.712,0.0,0.0,0.0,0.0,13.0,0.0,12.2,0.0,0.0,0.0,0.0,880.865,0.2175,1247.9,300.438,0.0,0.0,0.0,0.0,165.4,0.0,0.0,0.0,114.4,30.514,0.0,
2022-12-19 04:35:00,0.47333,0.0,0.1,0.0,0.0,0.0,640.9,0.0,0.0,0.0,0.0,0.0,360.88,0.0,0.0,0.0,0.0,0.0,0,0.0,752.325,0.0,6.3,0.0,0.0,0.0,-0.182,4.605,0.02,0.0,22.78,0.0,0.0,0.0,0.004,0.0,47.325,84.8732,0.0,870.101,0.0,0.0,0.0,0.0,13.2,0.0,12.2,0.0,0.0,0.0,0.0,849.859,0.2175,1247.8,301.75,0.0,0.0,0.0,0.0,166.44,0.0,0.0,0.0,115.36,33.76,0.0,
2022-12-19 04:40:00,0.47333,0.0,0.1,0.0,0.0,0.0,639.6,0.0,0.0,0.0,0.0,0.0,356.1,0.0,0.0,0.0,0.0,0.0,0,0.0,753.725,0.0,6.3,0.0,0.0,0.0,-0.182,4.685,0.02,0.0,22.08,0.0,0.0,0.0,0.004,0.0,47.3438,82.903,0.0,870.329,0.0,0.0,0.0,0.0,12.8,0.0,12.2,0.0,0.0,0.0,0.0,880.647,0.2175,1246.7,300.438,0.0,0.0,0.0,0.0,166.36,0.0,0.0,0.0,114.65,25.81,0.0,
2022-12-19 04:45:00,0.47333,0.0,0.1,0.0,0.0,0.0,640.1,0.0,0.0,0.0,0.0,0.0,353.7,0.0,0.0,0.0,0.0,0.0,0,0.0,752.675,0.0,6.3,0.0,0.0,0.0,-0.182,4.6875,0.02,0.0,22.43,0.0,0.0,0.0,0.004,0.0,47.4938,83.0382,0.0,871.321,0.0,0.0,0.0,0.0,12.7,0.0,9.4,0.0,0.0,0.0,0.0,881.711,0.2175,1247.6,300.438,0.0,0.0,0.0,0.0,166.04,0.0,0.0,0.0,114.75,29.741,0.0,
2022-12-19 04:50:00,0.47333,0.0,0.1,0.0,0.0,0.0,636.9,0.0,0.0,0.0,0.0,0.0,345.13,0.0,0.0,0.0,0.0,0.0,0,0.0,752.325,0.0,6.2,0.0,0.0,0.0,-0.182,4.55,0.02,0.0,22.72,0.0,0.0,0.0,0.004,0.0,47.4563,74.1212,0.0,869.139,0.0,0.0,0.0,0.0,12.7,0.0,9.4,0.0,0.0,0.0,0.0,880.019,0.2175,1243.9,299.688,0.0,0.0,0.0,0.0,163.24,0.0,0.0,0.0,114.15,29.406,0.0,
2022-12-19 04:55:00,0.47333,0.0,0.1,0.0,0.0,0.0,639.5,0.0,0.0,0.0,0.0,0.0,350.82,0.0,0.0,0.0,0.0,0.0,0,0.0,752.5,0.0,6.3,0.0,0.0,0.0,-0.182,4.885,0.02,0.0,23.71,0.0,0.0,0.0,0.004,0.0,47.4938,77.8773,0.0,868.987,0.0,0.0,0.0,0.06,13.0,0.0,10.5,0.0,0.0,0.0,0.0,884.633,0.2175,1249.0,299.875,0.0,0.0,0.0,0.0,163.1,0.0,0.0,0.02,116.12,29.74,0.0,
2022-12-19 05:00:00,0.47333,0.0,0.1,0.0,0.0,0.0,635.9,0.0,0.0,0.0,0.0,0.0,361.25,0.0,0.0,0.0,0.0,0.0,0,0.0,752.5,0.0,5.9,0.0,0.0,0.0,-0.182,4.6375,0.02,0.0,24.52,0.0,0.0,0.0,0.004,0.07,47.3625,71.0492,0.0,867.873,0.0,0.0,0.0,0.284,12.9,0.0,6.8,0.0,0.0,0.0,0.0,870.508,0.2175,1242.9,298.75,0.0,0.0,0.0,0.0,165.22,0.0,0.0,0.19,113.85,26.548,0.0,
2022-12-19 05:05:00,0.47333,0.0,0.1,0.0,0.0,0.0,638.9,0.0,0.0,0.0,0.0,0.171,365.26,0.0,0.0,0.0,0.0,0.12342,0,0.0,752.325,0.0,6.1,0.0,0.0,0.0,-0.182,4.5925,0.02,0.0,24.6,0.0,0.0,0.0,0.004,0.17,47.4375,68.4401,0.0,868.712,0.0,54.2200012207,0.0,0.719,13.3,0.0,12.9,0.0,0.0,0.0,0.0,910.705,0.2175,1249.9,299.5,0.0,0.45,0.0,0.0,0.0,0.0,0.0,0.66,114.7,28.704,0.0,
2022-12-19 05:10:00,0.47333,0.0,0.1,0.0,0.74842,0.0,637.8,0.0,0.17,0.0,0.0,0.325,361.6,0.0,0.0,0.0,0.0,0.50154,0,0.0,752.325,0.0,5.8,0.0,0.0,0.0,-0.182,4.675,0.02,0.0,24.55,0.0,0.0,0.0,0.004,0.29,47.3625,77.5946,0.0,869.094,0.0,0.0,0.0,1.18,13.0,0.0,12.9,0.0,0.0,0.0,0.0,912.204,0.2175,1247.4,299.5,0.0,0.91,2.224,0.0,0.0,0.0,0.0,1.02,114.4,27.637,0.0,
2022-12-19 05:15:00,0.47333,0.0,0.1,0.0,1.71706,0.0,630.6,0.0,0.38,0.0,0.0,0.403,358.93,0.0,0.0,0.0,0.0,0.944,0,0.0,752.675,0.0,5.8,0.0,0.0,0.0,-0.182,4.5,0.02,0.0,24.64,0.0,0.0,0.0,0.004,0.48,47.4187,89.1822,0.0,861.174,0.0,0.0,0.0,2.209,13.0,0.0,11.2,0.0,0.0,0.0,0.0,897.925,0.2175,1231.9,295.938,0.0,1.51,5.322,0.0,0.0,0.23285,0.0,1.89,116.22,27.808,0.0,
2022-12-19 05:20:00,0.47333,0.0,0.1,0.0,2.83635,0.0,641.1,0.0,0.99,0.0,0.0,0.286,349.53,0.0,0.0,0.0,0.0,1.98502,0,0.0,751.45,0.0,6.1,0.0,0.0,0.0,-0.182,4.755,0.02,0.0,24.57,0.0,0.0,0.0,0.004,0.85,47.4187,108.72,0.0,869.933,0.0,0.0,0.0,3.051,12.9,0.0,11.2,0.0,0.0,0.0,0.17,917.011,0.2175,1253.8,299.875,0.0,1.65,8.923,0.0,0.0,1.70714,0.0,4.08,114.91,26.02,0.0,
2022-12-19 05:25:00,0.47333,0.0,0.1,0.0,3.49696,0.0,628.6,0.0,2.63,0.0,0.0,0.145,356.27,0.0,0.049,0.0,0.0,2.56883,0,0.0,751.625,0.0,6.6,0.0,0.0,0.0,-0.182,4.37,0.02,0.0,24.58,0.0,0.0,0.0,0.004,1.12,47.2875,111.964,0.0,856.688,0.0,0.0,0.0,4.409,13.2,0.0,12.4,0.0,0.0,0.0,2.3,893.439,0.2175,1229.9,295.938,0.0,2.16,13.613,0.0,0.0,5.14534,0.0,4.95,115.01,23.335,0.0,
2022-12-19 05:30:00,0.47333,0.0,0.1,0.0,4.60518,0.0,641.1,0.0,3.91,0.0,0.0,2.64,369.36,0.0,0.171,0.0,0.0,3.19923,0,0.0,751.1,3.27,6.6,0.0,0.0,0.0,-0.182,4.8125,0.02,0.0,24.58,0.0,0.0,0.0,0.004,1.47,47.475,115.606,0.08,866.957,0.0,0.0,0.0,4.784,12.6,0.0,12.4,0.0,0.0,0.0,1.76,888.517,0.2175,1254.0,301.188,0.0,3.55,19.161,0.0,0.0,4.71424,0.0,7.66,115.26,33.051,0.02033,
2022-12-19 05:35:00,0.47333,0.0,0.1,0.0,4.75648,0.0,638.4,0.0,5.41,0.0,0.0,3.086,356.81,0.0,0.289,0.0,0.0,4.0105,0,0.0,751.1,3.75,8.1,0.0,0.0,0.0,-0.182,4.6425,0.02,0.0,24.7,0.0,0.0,0.0,0.004,2.57,47.5312,111.202,0.19,866.347,0.0,0.0,0.0,5.058,12.6,0.0,11.2,0.0,0.0,0.0,2.24,926.522,0.2175,1265.6,299.5,0.0,3.65,24.121,0.0,0.0,11.9148,0.0,13.3,114.35,32.044,0.02033,
2022-12-19 05:40:00,0.47333,0.0,0.1,0.0,5.43053,0.0,635.2,0.0,7.11,0.0,0.0,4.536,349.41,0.0,0.474,0.0,0.0,5.23674,0,0.0,751.625,4.572,8.5,0.0,0.0,0.0,-0.182,4.585,0.02,0.0,24.56,0.0,0.0,0.0,0.108,2.66,47.325,112.493,0.3,863.768,0.0,0.0,0.0,8.141,12.8,0.0,10.1,0.0,0.0,0.0,6.12,945.582,0.2175,1229.4,297.625,0.0,4.97,29.664,0.0,0.0,14.3913,0.0,15.11,114.5,33.633,0.1294,
2022-12-19 05:45:00,0.47333,0.0,0.1,0.0,6.10893,0.0,642.2,0.0,8.9,0.0,0.0,5.704,348.0,0.0,0.604,0.0,0.0,7.39968,0,0.0,745.675,6.597,8.6,0.0,0.0,0.0,-0.081,4.6,0.02,0.0,24.71,0.0,0.0,0.0,0.108,3.52,47.475,112.734,0.41,868.987,0.0,0.0,0.0,16.529,12.8,0.0,10.1,0.0,0.89219,0.0,10.8,958.195,0.2175,1246.2,300.625,0.0,5.42,29.856,0.0,0.0,16.8008,0.0,22.45,116.32,37.244,0.22942,
2022-12-19 05:50:00,0.47333,0.0,0.3,0.0,6.73178,0.0,636.7,0.0,10.92,2.21197,0.14,7.092,357.67,0.0,0.994,3.244,0.0,11.1631,0,2.33,742.875,14.091,8.5,0.0,2.91674,0.0,0.023,4.58,0.02,0.0,24.74,0.0,0.0,0.0,0.314,4.33,47.5687,114.221,0.62,869.46,0.0,0.0,0.0,21.086,13.0,0.0,10.1,0.0,1.00093,0.0,12.98,964.437,0.2175,1234.0,299.312,0.0,5.68,29.222,0.0,0.0,13.6596,0.0,26.11,115.41,37.087,0.3301,
2022-12-19 05:55:00,0.47333,0.0,0.5,0.0,7.3961,0.0,636.7,0.0,9.48,3.58106,0.38,14.521,365.67,0.0,1.605,8.201,0.0,13.1579,0,1.12,746.375,26.838,8.5,2.5,3.71136,3.098,0.124,4.4775,0.02,0.0,24.58,0.0,0.0,2.5559,0.717,3.55,47.4,112.022,1.04,870.329,0.0,0.0,0.0,12.02,13.1,0.0,10.1,0.0,1.47725,0.0,9.64,916.357,0.2175,1224.2,299.125,0.0,5.0,26.56,2.6,0.0,11.3085,0.0,17.86,114.15,37.841,0.78147,
2022-12-19 06:00:00,0.47333,0.0,1.3,0.0,8.18842,0.0,638.0,0.0,15.65,4.72806,0.63,43.008,355.34,0.0,2.562,22.778,0.0,12.2235,0,3.93,748.65,32.649,8.5,5.9,4.4521,7.756,0.328,4.6075,0.02,0.0,24.62,0.0,0.0,2.89997,1.085,6.08,47.5687,123.212,1.14,867.735,0.0,0.0,0.0,6.931,13.6,0.0,10.1,0.0,1.94182,0.0,6.5,863.92,0.2175,1180.0,300.062,0.0,4.21,22.329,6.7,0.0,12.99,0.0,33.08,114.35,29.737,0.34878,
2022-12-19 06:05:00,0.47333,0.0,1.8,0.0,14.0027,0.0,641.4,0.0,18.06,6.29939,1.12,48.65,347.59,0.0,3.412,30.386,0.0,12.2394,0,5.83,750.75,24.758,8.6,9.1,5.4743,10.48,0.895,4.7825,0.02,0.0,24.6,0.0,0.0,3.12934,1.604,2.35,47.5125,132.1,1.14,869.566,0.0,0.0,0.0,6.963,13.1,0.0,10.1,0.0,2.39872,0.0,5.05,870.059,0.2175,1221.6,302.875,0.0,6.36,28.5,10.3,0.0,9.76026,0.0,13.91,114.65,26.06,0.57331,
2022-12-19 06:10:00,0.47333,0.0,2.9,0.0,72.6589,0.0,640.6,0.0,18.85,9.62253,1.43,52.341,341.15,0.0,4.059,39.0,0.0,10.5277,0,5.97,750.925,38.852,-0.4,11.1,8.36582,13.541,1.097,4.745,0.0,2.06,24.61,0.0,0.0,3.48979,2.232,2.62,47.4563,121.995,1.24,869.216,0.0,0.0,0.0,7.569,12.7,0.0,10.1,4.21334,2.76838,0.0,6.63,875.571,0.2175,1225.1,301.75,0.0,6.71,64.936,12.7,0.0,12.2931,0.0,21.79,114.25,29.022,0.34877,
2022-12-19 06:15:00,0.47333,0.0,3.5,0.0,83.4847,0.0,637.7,0.0,21.93,12.2255,1.75,59.894,333.1,0.0,4.747,45.878,0.0,13.3018,0,7.13,751.45,48.854,-0.4,14.6,9.23546,16.508,1.636,4.72,0.0,2.51,24.68,0.0,0.0,4.12877,2.86,8.56,47.5125,124.244,1.35,867.751,0.0,0.0,0.0,17.862,12.6,0.0,10.1,5.55712,3.27757,3.811,7.1,868.034,0.2175,1238.0,299.125,0.0,7.79,150.127,16.0,0.0,16.1567,0.0,46.45,114.25,30.438,1.60058,
2022-12-19 06:20:00,0.47333,0.0,4.3,0.0,91.8159,0.0,639.6,0.0,26.63,33.4244,2.38,70.561,347.17,0.0,4.973,54.732,0.0,21.6617,0,11.75,750.4,59.313,-0.2,17.2,10.6895,17.212,1.862,4.6825,0.0,2.51,24.24,0.0,0.17,5.11181,3.073,9.55,47.4,120.115,1.56,859.389,0.0,0.0,0.0,22.841,13.2,0.0,11.4,6.04274,3.95149,7.906,7.12,870.111,0.2175,1192.2,298.75,0.0,6.25,57.622,17.5,0.0,33.5933,0.0,50.9,114.4,37.035,1.25216,
2022-12-19 06:25:00,0.47333,0.0,5.8,0.0,99.4386,0.0,639.8,0.0,30.83,38.9304,2.65,47.558,355.35,0.0,4.782,61.38,0.0,23.0441,0,10.86,748.125,64.756,-0.1,18.9,10.4095,21.408,0.772,4.7925,0.0,2.64,24.6,0.0,0.4,5.6361,3.968,10.98,47.5125,126.755,1.67,867.323,0.0,0.0,0.0,34.673,13.0,0.0,12.5,5.47848,4.84736,14.009,4.91,869.483,0.2175,1151.0,300.438,0.0,6.63,54.259,21.7,0.0,49.7377,0.0,57.52,114.45,37.181,0.99984,
2022-12-19 06:30:00,0.47333,0.0,7.6,0.0,112.308,0.0,639.3,0.0,20.48,43.1083,3.19,68.096,339.97,0.0,5.003,63.078,0.0,19.2276,0,14.95,750.225,31.083,-0.2,18.9,15.7404,21.749,0.772,4.7025,0.0,1.82,24.5,0.0,0.7,7.60218,5.082,12.2,47.3438,135.643,1.77,856.184,0.0,0.0,0.0,37.731,12.8,0.0,12.5,4.88992,6.55002,15.288,6.79,870.393,0.2175,1150.4,301.375,0.0,6.53,87.318,22.3,0.0,55.9288,0.0,62.48,114.15,33.243,1.72109,
2022-12-19 06:35:00,0.47333,0.0,9.6,0.0,123.519,0.0,644.2,0.0,8.92,50.0675,3.83,87.315,356.1,0.0,6.016,56.709,0.0,14.7814,0,21.37,669.55,39.355,0.1,17.6,33.0455,20.91,1.369,4.5875,0.0,1.41,24.55,0.0,1.09,10.4202,5.904,13.25,47.4375,142.443,1.98,868.544,0.0,0.0,0.0,41.655,12.9,0.0,11.3,10.0298,7.88736,16.357,9.74,927.765,0.2175,1207.3,304.375,0.0,5.83,62.93,13.4,0.0,47.5832,0.0,65.03,115.41,32.758,2.16333,
2022-12-19 06:40:00,0.47333,0.0,10.9,0.0,129.655,0.0,635.2,0.0,9.49,39.0246,5.34,92.761,349.71,0.0,7.231,47.009,0.0,17.3199,0,33.23,635.6,75.436,0.1,11.9,20.7104,13.234,0.877,4.6625,0.0,1.65,24.6,0.0,1.46,13.566,6.688,13.65,47.475,137.576,2.08,865.477,0.0,0.0,0.0,55.996,12.7,0.0,12.5,12.6242,6.60864,18.347,12.35,914.448,0.2175,1233.4,298.375,0.0,6.45,65.44,14.7,0.0,66.73,0.0,64.45,113.69,26.563,2.66918,
2022-12-19 06:45:00,0.47333,0.0,11.5,0.0,124.817,0.0,636.5,0.0,12.4,33.5606,6.97,104.216,342.21,0.0,7.988,34.326,0.0,12.2563,0,19.52,625.625,29.664,0.0,11.0,22.1675,8.474,1.899,4.6775,0.0,2.54,24.61,0.0,1.95,22.0201,7.327,15.41,47.4187,132.264,2.75,869.429,0.0,0.0,0.0,57.827,12.6,0.0,12.5,12.4162,6.47245,18.324,7.64,871.162,0.2175,1187.2,299.312,0.0,9.33,244.833,11.1,0.0,68.78,0.0,76.36,114.35,36.911,2.80768,
2022-12-19 06:50:00,0.47333,0.0,11.9,0.0,121.524,0.0,641.5,0.0,29.54,22.5956,8.25,113.681,315.14,0.0,8.661,51.699,0.0,10.988,0,22.87,617.75,24.996,0.0,24.7,16.4142,14.739,3.262,4.7975,0.0,2.28,24.69,0.0,3.05,30.0155,8.172,17.23,47.3438,121.246,4.52,869.46,0.0,0.0,0.0,60.88,13.2,0.0,12.5,10.5511,7.14189,24.612,6.9,874.392,0.2175,1152.8,304.562,0.0,13.19,101.666,14.2,0.0,70.1932,0.0,56.98,115.06,37.788,4.1961,
2022-12-19 06:55:00,0.47333,0.0,12.6,0.0,144.851,0.0,634.6,0.0,13.92,19.8953,10.14,112.874,309.66,0.0,9.735,65.048,0.0,18.005,0,16.58,618.975,25.151,0.0,29.6,21.1395,10.6,4.831,4.535,0.0,2.28,24.6,0.0,5.22,56.6231,8.804,11.35,47.3438,128.647,4.57,865.843,0.0,0.0,0.0,65.28,12.7,0.0,11.4,13.9347,7.86714,29.593,14.06,858.062,0.2175,1152.0,297.625,0.0,12.08,168.724,14.0,0.0,76.0586,0.0,57.45,114.6,38.047,4.21658,
2022-12-19 07:00:00,0.47333,0.0,12.6,0.0,147.137,0.0,638.7,0.0,18.57,59.3387,11.3,114.278,288.3,0.0,9.719,89.299,0.0,29.5875,0,15.15,617.925,25.172,0.1,23.4,75.4524,36.401,6.825,4.555,0.0,2.47,24.48,0.0,8.04,21.3647,9.661,10.09,47.3438,125.35,5.87,845.075,0.0,0.0,0.0,66.364,12.8,0.0,11.4,24.5649,10.9384,34.478,14.16,819.122,0.2175,1110.6,300.812,0.0,9.6,248.684,31.3,0.0,74.7274,0.0,62.8,114.25,37.873,0.94278,
2022-12-19 07:05:00,0.47333,0.0,6.7,0.0,147.677,0.0,642.0,0.0,47.02,72.8433,12.02,112.015,278.54,0.0,11.586,102.575,0.0,11.3316,0,16.21,619.15,26.567,0.1,26.2,76.5297,36.238,8.369,4.505,0.0,2.51,24.27,0.0,9.58,30.1466,10.239,9.44,48.2438,136.643,10.81,870.436,0.0,0.0,0.0,25.278,13.0,0.0,11.4,52.3189,18.6604,34.504,23.96,859.498,0.2175,1157.5,302.313,0.0,10.84,221.546,38.9,0.0,61.3417,0.0,34.45,114.45,37.087,0.63219,
2022-12-19 07:10:00,0.47333,0.0,4.8,0.0,142.369,0.0,645.4,0.0,42.46,56.1643,12.97,112.493,270.46,0.0,11.637,105.335,0.0,19.1908,0,18.48,616.7,37.374,0.1,39.1,81.7275,38.016,2.026,4.7475,0.0,2.95,24.03,0.0,13.53,57.4095,10.446,8.19,48.4312,129.352,10.31,869.49,0.0,0.0,0.0,63.005,12.7,0.0,11.4,44.2036,10.1868,31.481,29.05,889.542,0.2175,1210.0,303.813,0.0,9.0,195.8,34.4,0.0,70.1153,0.0,31.63,115.71,35.205,0.77914,
2022-12-19 07:15:00,0.47333,0.0,5.4,0.0,142.344,0.0,632.8,0.0,45.63,54.698,13.88,101.753,265.68,0.0,14.516,112.234,0.0,21.5511,0,26.57,618.8,59.311,0.1,35.8,82.473,37.61,9.406,4.59,0.0,2.83,23.79,0.0,31.13,29.229,10.783,4.76,48.5063,136.577,7.98,864.165,0.0,0.0,0.0,55.45,12.8,0.0,10.1,81.5281,12.0197,30.198,49.6,865.522,0.2175,1212.9,295.188,0.0,9.44,148.413,40.4,0.0,69.8614,0.0,18.5,116.02,33.619,1.85318,
2022-12-19 07:20:00,0.47333,0.0,5.3,0.0,147.694,0.0,640.6,0.0,42.34,57.26,17.16,115.032,262.72,0.0,15.776,114.277,0.0,22.2167,0,11.64,618.8,66.861,-0.1,33.5,83.7263,36.515,10.582,4.5525,0.0,3.18,22.84,0.0,39.8,58.7202,10.992,4.96,48.4312,139.354,8.21,845.106,0.0,0.0,0.0,68.403,12.9,0.0,10.1,83.6171,24.4378,35.522,47.48,867.483,0.2175,1178.6,298.75,0.0,12.29,207.825,43.6,0.0,59.7709,0.0,19.9,115.92,33.862,4.2089,
2022-12-19 07:25:00,0.47333,0.0,4.5,0.0,147.726,0.0,638.2,0.0,41.37,78.3114,23.81,114.884,248.48,0.0,18.365,116.514,0.0,24.9252,0,11.89,619.15,68.652,-0.1,31.9,85.2582,40.818,11.154,4.5175,0.0,3.14,24.1,0.0,38.05,25.428,11.197,8.66,48.3375,138.215,18.87,821.82,0.0,0.0,0.0,71.249,12.7,0.0,10.1,89.4142,17.3343,22.337,60.08,862.984,0.2175,1147.1,299.875,0.0,14.59,233.007,37.7,0.0,64.5141,0.0,60.12,113.9,31.222,2.21952,
2022-12-19 07:30:00,0.47333,0.0,12.4,0.0,147.718,0.0,637.4,0.0,32.89,79.7327,44.89,114.859,236.2,0.0,14.851,121.118,0.0,25.1597,0,10.92,618.45,64.67,-0.1,33.3,87.0318,35.734,10.001,4.58,0.0,3.39,23.15,0.0,14.88,71.8275,11.405,14.27,49.7625,129.229,14.17,795.345,0.0,0.0,0.0,71.349,13.0,0.0,10.1,93.1062,65.1121,23.149,50.17,817.263,0.2175,1133.4,298.75,0.0,14.24,176.404,23.7,0.0,64.0512,0.0,59.5,114.0,31.771,1.95654,
2022-12-19 07:35:00,0.47333,0.0,11.3,0.0,147.767,0.0,646.3,0.0,15.53,81.5063,73.04,115.054,233.92,0.0,12.937,80.397,0.0,43.2476,0,12.58,618.45,83.416,-0.1,25.0,88.703,18.348,6.481,4.9775,0.0,3.16,23.11,0.0,36.6,59.2445,11.61,19.69,48.3,130.028,9.58,784.267,0.0,0.0,0.0,72.272,12.8,0.0,10.1,96.4936,40.405,27.964,56.93,825.325,0.2175,1159.4,306.812,0.0,26.61,105.291,21.3,0.0,50.2354,0.0,33.34,114.0,37.82,1.55622,
2022-12-19 07:40:00,0.47333,0.0,9.4,0.0,147.317,0.0,638.1,0.0,10.47,83.7427,73.27,114.977,235.27,0.0,19.025,71.897,0.0,46.4875,0,70.95,618.275,50.55,0.1,22.7,89.9564,17.694,11.506,4.705,0.0,2.59,24.22,0.0,30.45,64.4874,11.712,7.45,48.3562,128.496,10.65,791.408,0.0,0.0,0.0,72.633,12.5,0.0,10.1,105.763,23.6616,33.715,17.93,861.459,0.2175,1198.8,299.5,0.0,37.76,142.037,20.8,0.0,26.3096,0.0,50.22,113.9,37.516,4.17664,
2022-12-19 07:45:00,0.47333,0.0,12.6,0.0,147.833,0.0,633.6,0.0,11.24,85.2828,45.22,115.075,227.62,0.0,21.315,92.826,0.0,47.702,0,45.77,618.275,46.258,0.1,22.0,91.2015,22.394,12.809,4.47,0.0,2.95,23.53,0.0,26.13,30.0155,11.921,14.76,48.2438,130.06,11.45,811.749,0.0,0.0,0.0,70.342,12.8,0.0,11.2,69.6476,23.6012,50.21,35.99,901.437,0.2175,1232.2,296.5,0.0,21.59,176.773,23.0,0.0,21.8542,0.0,24.9,114.5,35.665,1.8553,
2022-12-19 07:50:00,0.47333,0.0,12.2,0.0,142.32,0.0,637.7,0.0,22.61,86.3805,44.32,113.164,214.34,0.0,23.271,82.583,0.0,49.6005,0,30.57,618.275,65.72,0.1,32.4,92.4181,20.906,13.459,4.475,0.0,8.56,18.28,0.0,35.78,32.768,12.021,5.27,49.7812,135.455,17.49,816.357,0.0,0.0,0.0,45.737,13.4,0.0,11.2,101.455,41.8693,33.8,18.07,864.984,0.2175,1176.3,298.375,0.0,42.89,243.882,22.4,0.0,20.9981,0.0,19.01,114.65,33.244,1.89414,
2022-12-19 07:55:00,0.47333,0.0,7.2,0.0,147.767,0.0,642.7,0.0,21.5,86.6304,53.18,115.069,201.22,0.0,22.615,130.306,0.0,51.5379,0,34.44,618.275,91.513,-0.1,26.3,93.4216,25.214,14.013,4.87,0.0,3.6,22.6,0.0,35.1,28.9669,12.125,3.36,49.5188,133.259,14.91,825.33,0.0,0.0,0.0,51.574,13.1,0.0,11.2,102.366,24.4152,52.886,12.03,872.354,0.2175,1154.2,303.438,0.0,34.54,264.794,21.4,0.0,25.8458,0.0,23.08,113.59,28.276,1.97498,
2022-12-19 08:00:00,0.47333,0.0,6.8,0.0,147.751,0.0,614.0,0.0,35.79,89.5631,58.08,114.979,182.62,0.0,26.047,121.976,0.0,45.8199,0,30.69,618.45,84.695,0.1,36.9,94.4087,35.464,14.346,4.7225,0.0,7.87,18.62,0.0,24.26,42.2052,12.228,13.03,49.5188,136.454,26.03,826.169,0.0,0.0,0.0,46.109,12.3,0.0,10.1,112.521,26.5482,41.502,9.66,826.543,0.2175,1088.7,300.25,0.0,19.75,295.305,5.0,0.0,22.0058,0.0,70.13,114.75,25.692,1.75309,
2022-12-19 08:05:00,0.47333,0.0,12.5,0.0,147.579,0.0,634.9,0.0,25.02,90.8984,49.22,115.243,186.21,0.0,20.698,128.11,0.0,57.1925,0,36.87,617.4,113.494,0.1,34.4,95.3754,43.637,12.489,4.515,0.0,9.29,17.74,0.0,21.8,68.6817,12.429,18.32,48.0562,126.419,23.62,818.433,0.0,0.0,0.0,46.173,12.8,0.0,10.1,104.206,23.8418,42.948,8.46,772.067,0.2175,1120.4,299.5,0.0,43.19,294.994,26.5,0.0,23.9196,0.0,72.83,114.75,32.967,4.28109,
2022-12-19 08:10:00,0.47333,0.0,12.7,0.0,142.328,0.0,639.9,0.0,31.72,91.775,37.97,115.074,164.93,0.0,24.082,118.801,0.0,46.2848,0,32.61,611.625,94.906,0.1,26.8,96.6615,35.751,14.395,4.7825,0.0,5.24,22.12,0.0,38.12,70.7789,12.532,25.09,48.9938,124.875,16.71,823.636,0.0,0.0,0.0,75.371,12.9,0.0,11.4,47.3475,27.6111,27.388,10.01,779.463,0.2175,1139.3,303.813,0.0,42.16,292.93,42.3,0.0,20.0991,0.0,72.24,113.95,38.025,2.10816,
2022-12-19 08:15:00,0.47333,0.0,12.7,0.0,147.669,0.0,642.0,0.0,35.15,92.9055,41.36,114.928,144.31,0.0,30.762,127.873,0.0,38.4737,0,53.19,607.25,118.987,0.0,39.4,97.5258,47.815,11.715,4.7925,0.0,4.26,22.21,0.0,33.49,29.7533,12.641,22.24,49.65,123.978,11.66,827.405,0.0,0.0,0.0,46.949,12.5,0.0,11.4,49.8095,43.6757,39.422,25.09,805.535,0.2175,1145.8,304.938,0.0,21.61,235.118,39.8,0.0,20.2527,0.0,64.79,113.69,34.914,3.28934,
2022-12-19 08:20:00,0.47333,0.0,12.1,0.0,147.718,0.0,641.4,0.0,41.13,94.4988,53.99,115.028,130.6,0.0,29.992,129.754,0.0,40.6733,0,46.98,612.325,117.547,0.0,30.6,98.3491,41.269,14.415,4.7425,0.0,4.97,21.44,0.0,38.25,30.0155,12.641,8.83,47.9062,128.381,17.05,822.659,0.0,0.0,0.0,18.385,12.5,0.0,9.9,50.7198,37.4067,35.048,34.98,848.231,0.2175,1155.5,301.375,0.0,18.88,264.987,53.4,0.0,31.6099,0.0,36.81,113.85,30.198,4.23475,
2022-12-19 08:25:00,0.47333,0.0,12.7,0.0,147.726,0.0,628.5,0.0,28.36,93.9336,42.63,114.906,128.59,0.0,29.867,135.259,0.0,64.8868,0,46.37,604.275,72.486,0.0,40.9,99.2625,45.802,5.899,4.2875,0.0,3.2,21.33,0.0,42.31,40.8945,12.748,19.27,48.1125,123.318,11.27,810.284,0.0,0.0,0.0,37.687,12.3,0.0,9.9,77.378,60.8604,38.452,24.33,848.602,0.2175,1130.4,294.625,0.0,47.92,259.984,53.8,0.0,33.663,0.0,72.46,115.11,20.917,4.23475,
2022-12-19 08:30:00,0.47333,0.0,12.8,0.0,147.726,0.0,606.1,0.0,21.51,94.0851,72.19,115.039,118.24,0.0,32.385,140.871,0.0,69.0094,0,57.97,607.775,105.018,0.0,45.4,100.0,47.322,9.848,4.6375,0.0,2.95,22.88,0.0,38.16,51.6424,12.848,17.76,48.1875,130.834,10.98,820.218,0.0,0.0,0.0,41.465,12.8,0.0,9.9,50.1577,62.3821,55.382,46.31,818.647,0.2175,1085.9,298.75,0.0,31.21,258.433,8.5,0.0,30.1363,0.0,72.89,114.45,19.72,1.16608,
2022-12-19 08:35:00,0.47333,0.0,12.8,0.0,147.784,0.0,587.2,0.0,24.59,93.7615,61.35,115.058,126.4,0.0,30.81,123.096,0.0,71.9462,0,44.24,609.875,106.405,0.0,46.4,94.3227,44.052,6.454,4.755,0.0,3.91,20.7,0.0,31.98,40.3702,12.95,13.48,49.8562,127.394,13.59,805.081,0.0,0.0,0.0,30.817,13.0,0.0,11.2,26.9587,56.0927,55.549,32.58,781.36,0.2175,1032.4,304.938,0.0,41.74,294.081,54.7,0.0,24.958,0.0,72.95,115.41,17.86,3.38099,
2022-12-19 08:40:00,0.47333,0.0,12.7,0.0,147.595,0.0,616.3,0.0,19.87,92.9874,43.04,113.934,114.14,0.0,30.866,141.148,0.0,70.5126,0,47.47,612.15,70.382,0.0,52.9,98.1279,34.2,6.706,4.6475,0.0,6.26,18.67,0.0,27.66,49.2831,12.95,14.54,49.7625,126.169,12.39,777.08,0.0,0.0,0.0,22.207,13.2,0.0,11.2,90.1079,56.7194,28.179,49.87,772.875,0.2175,1061.0,298.375,0.0,33.11,272.832,51.0,0.0,45.5946,0.0,64.99,113.95,11.976,2.58586,
2022-12-19 08:45:00,0.47333,0.0,12.7,0.0,145.539,0.0,631.5,0.0,18.38,94.6217,51.04,89.384,111.85,0.0,31.079,142.525,0.0,68.0796,0,37.61,611.1,94.522,0.0,53.7,97.5385,43.75,7.667,4.425,0.0,5.94,18.95,0.0,31.37,44.3023,13.051,25.11,49.4437,118.174,22.13,744.578,0.0,0.0,0.0,44.425,13.1,0.0,11.2,116.014,54.1962,11.555,14.63,750.61,0.2175,1025.2,295.0,0.0,28.97,270.199,54.9,0.0,44.798,0.0,72.85,114.81,26.19,4.23347,
2022-12-19 08:50:00,0.47333,0.0,12.7,0.0,142.287,0.0,606.1,0.0,27.93,92.5491,70.8,82.584,109.95,0.0,32.853,140.447,0.0,67.457,0,40.02,609.35,95.15,0.0,53.3,79.9498,44.015,5.85,4.585,0.0,5.61,19.88,0.0,24.26,60.5553,13.151,23.87,49.4812,119.001,23.87,733.392,0.0,0.0,0.0,33.637,13.2,0.0,11.2,115.756,60.0392,20.498,14.72,748.226,0.2175,1025.7,303.438,0.0,37.54,174.87,54.4,0.0,33.8125,0.0,73.03,115.11,24.044,2.18637,
2022-12-19 08:55:00,0.47333,0.0,12.5,0.0,143.729,0.0,574.5,0.0,49.87,92.6433,62.89,74.74,107.25,0.0,33.837,130.435,0.0,65.0588,0,56.48,610.05,91.618,0.0,54.7,76.03,44.019,13.842,4.805,0.0,7.0,17.67,0.0,22.94,64.7496,13.151,17.32,49.4812,121.266,24.88,728.25,0.0,0.0,0.0,53.706,13.0,0.0,11.2,115.933,47.3702,58.175,20.78,725.077,0.2175,994.6,304.75,0.0,41.1,198.533,54.6,0.0,21.6945,0.0,62.31,113.85,13.724,4.04326,
2022-12-19 09:00:00,0.47333,0.0,12.7,0.0,130.781,0.0,572.6,0.0,26.45,93.3478,74.24,67.273,103.35,0.0,34.308,135.216,0.0,70.1932,0,54.89,613.2,92.319,0.0,54.2,96.7107,40.28,11.254,4.6025,0.0,6.8,15.33,0.0,24.71,69.7303,13.151,20.87,49.275,120.312,25.76,717.752,0.0,0.0,0.0,77.617,13.0,0.0,11.2,26.4658,52.6869,40.619,57.08,747.867,0.2175,1019.6,298.375,0.0,43.68,234.376,54.8,0.0,20.3489,0.0,65.66,115.92,16.817,4.29286,
2022-12-19 09:05:00,0.47333,0.0,12.7,0.0,144.777,0.0,564.6,0.0,28.7,93.4871,75.33,101.941,97.02,0.0,35.2,139.048,0.0,75.5835,0,48.46,613.725,88.645,0.0,53.9,96.2642,43.708,14.388,4.565,2.0,6.75,12.81,0.0,23.36,67.1089,13.253,12.37,49.1062,132.039,17.45,726.938,0.0,0.0,0.0,61.993,13.1,0.0,10.1,19.2191,52.4124,31.935,30.73,750.905,0.2175,983.8,287.125,0.0,29.65,280.269,54.3,0.0,23.4199,0.0,43.98,115.56,19.125,4.1961,
2022-12-19 09:10:00,0.47333,0.0,11.5,0.0,147.325,0.0,592.9,0.0,26.69,92.8399,75.42,115.534,91.41,0.0,36.479,142.405,0.0,76.8819,0,47.57,613.55,106.866,0.0,54.6,94.4128,43.295,14.406,4.535,2.0,9.82,11.02,0.0,28.08,59.5067,13.253,10.54,49.125,119.149,25.83,719.064,0.0,0.0,0.0,59.701,12.8,0.0,10.1,18.9219,44.0832,36.157,42.2,780.655,0.2175,1015.4,267.625,0.0,35.65,242.354,54.5,0.0,62.6872,0.0,87.68,115.11,17.591,4.1961,
2022-12-19 09:15:00,0.47333,0.0,12.6,0.0,141.042,0.0,618.0,0.0,46.69,78.9586,75.44,115.034,86.17,0.0,37.328,142.74,0.0,77.3816,0,41.02,610.75,100.046,0.0,54.6,92.9606,43.63,14.579,4.34,2.0,13.53,9.63,0.0,28.59,54.7881,13.253,18.12,49.2937,117.555,22.15,713.51,0.0,0.0,0.0,42.855,13.8,0.0,10.1,27.9306,58.0055,98.972,25.48,767.235,0.2175,1034.9,245.5,0.0,24.93,289.254,54.4,0.0,64.9892,0.0,54.78,113.69,17.789,4.29722,
2022-12-19 09:20:00,0.47333,0.0,11.6,0.0,89.7884,0.0,597.3,0.0,51.8,79.1839,75.57,115.014,77.17,0.0,36.186,141.544,0.0,78.0575,0,41.8,618.275,84.083,0.0,54.5,99.4269,43.322,14.457,4.81,2.0,14.63,8.42,0.0,29.33,71.3032,13.253,19.29,49.125,117.567,25.95,727.853,0.0,0.0,0.0,50.79,14.8,0.0,11.4,37.8089,54.7205,96.41,24.31,741.894,0.2175,1000.8,236.5,0.0,40.65,288.026,12.5,0.0,62.0278,0.0,72.87,114.4,16.974,4.28595,
2022-12-19 09:25:00,0.47333,0.0,12.7,0.0,116.457,0.0,569.6,0.0,18.17,81.4121,73.75,114.92,72.56,0.0,35.756,143.723,0.0,79.4296,0,47.27,609.875,102.833,0.0,54.6,100.0,43.503,14.355,4.3925,2.0,13.8,9.31,0.0,38.68,64.7496,13.353,25.15,49.0687,104.829,26.05,715.127,0.0,0.0,0.0,79.998,17.2,0.0,11.4,27.8624,51.4314,56.846,15.2,726.474,0.2175,936.2,226.188,0.0,40.33,289.913,53.2,0.0,46.0943,0.0,72.82,116.02,19.675,4.28595,
2022-12-19 09:30:00,0.47333,0.0,12.5,0.0,140.665,0.0,563.9,0.0,14.17,92.2419,67.69,114.978,71.56,0.0,35.471,139.833,0.0,81.1459,0,50.46,609.875,92.828,0.0,53.9,100.0,44.174,14.355,4.8275,2.0,13.64,9.09,0.0,33.97,62.6524,13.454,17.35,49.2375,109.412,17.18,730.402,0.0,0.0,0.0,75.026,17.5,0.0,11.4,21.5244,59.6009,26.412,18.92,727.526,0.2175,899.5,229.75,0.0,43.07,293.465,54.5,0.0,57.643,0.0,72.94,113.85,26.973,4.28595,
2022-12-19 09:35:00,0.47333,0.0,12.4,0.0,139.239,0.0,557.0,0.0,24.55,92.1027,74.75,115.149,59.23,0.0,33.749,145.18,0.0,82.6614,0,49.1,611.275,92.713,0.0,55.4,100.0,44.206,14.355,4.7225,2.0,14.59,8.32,0.0,31.18,40.3702,13.454,25.13,49.1438,109.457,14.17,715.112,0.0,0.0,0.0,53.727,18.3,0.0,11.4,29.2268,57.8478,22.7,16.19,716.425,0.2175,914.3,228.062,0.0,44.28,295.125,52.2,0.0,57.1146,0.0,74.37,114.86,19.851,4.28595,
2022-12-19 09:40:00,0.47333,0.0,12.2,0.0,117.354,0.0,563.0,0.0,11.15,92.8195,72.76,114.896,54.41,0.0,33.275,145.672,0.0,83.841,0,53.13,610.4,112.842,0.0,55.0,97.4111,44.393,14.355,4.7225,2.0,14.59,7.23,0.0,33.24,57.6717,13.497,25.11,49.0125,113.59,22.07,726.449,0.0,0.0,0.0,49.499,18.4,0.0,11.4,75.05,56.0067,21.485,6.6,723.975,0.2175,927.1,230.312,0.0,33.55,288.173,52.0,0.0,58.6281,0.0,80.06,114.86,22.412,4.28595,
2022-12-19 09:45:00,0.47333,0.0,12.5,0.0,96.6779,0.0,590.4,0.0,12.06,74.4612,70.57,114.953,43.4,0.0,24.015,145.29,0.0,79.446,0,47.71,618.45,110.447,0.0,48.5,88.8955,45.142,14.355,4.8175,0.0,14.59,7.48,0.0,31.61,65.7981,13.497,18.96,48.975,116.589,17.23,719.384,0.0,0.0,0.0,53.603,17.8,0.0,11.4,60.5201,46.7231,20.114,11.3,749.47,0.2175,949.4,232.188,0.0,34.47,286.189,51.7,0.0,54.1164,0.0,79.85,114.35,21.962,4.25523,
2022-12-19 09:50:00,0.0,0.0,0.0,0.0,0.0,0.0,0.0,0.0,0.0,0.0,0.0,0.0,0.0,0.0,0.0,0.0,0.0,0.0,0,0.0,0.0,0.0,0.0,0.0,0.0,0.0,0.0,0.0,0.0,0.0,0.0,0.0,0.0,0.0,0.0,0.0,0.0,0.0,0.0,0.0,0.0,0.0,0.0,0.0,0.0,0.0,0.0,0.0,0.0,0.0,0.0,0.0,0.0,0.0,0.0,0.0,0.0,0.0,0.0,0.0,0.0,0.0,0.0,0.0,0.0,0.0,
