SETTLEMENTDATE,BASTYAN,BBP31,BUTLERSG,CETHANA,CLUNY,CTHLWF,DEVILS_G,DG_TAS1,FISHER,GORDON,GRANWF,JBUTTERS,LEM_WIL,LI_WY_CA,LK_ECHO,MACKNTSH,MEADOWBK,MUSSELRO,NETIC,PALOONA,PTINA110,PTINA220,REECE,REPULSE,ROWALLAN,TARRALEA,TREVALLN,TRIBUTE,TUNGATIN,TVCCPS,WOOLNTH1
2023-05-03 00:00:00,0.0,0.0,6.9,0.0,0.000458,45.1392,0.0,0,0.0,8.63905,88.67,0.0,40.7,54.1719,0.0,0.0,15.9762,52.7,447.0,0.0,113.345,145.412,0.0,9.37819,0.0,63.2,66.0212,0.0,0.0,0,48.79
2023-05-03 00:05:00,0.0,0.0,6.9,0.0,0.000458,49.1249,0.0,0,0.0,10.0746,89.62,0.0,38.5,54.4192,0.0,0.0,5.4302,54.4,447.0,0.0,113.393,142.984,0.0,9.2134,0.0,63.5,66.0769,0.0,0.0,0,47.62
2023-05-03 00:10:00,0.0,0.0,6.9,0.0,0.000458,63.8773,0.0,0,0.0,10.5727,93.7,0.0,41.4,54.9367,0.0,0.0,4.88718,47.1,447.0,0.0,112.832,146.719,0.0,9.16213,0.0,63.3,66.0032,0.0,0.0,0,46.27
2023-05-03 00:15:00,0.0,0.0,6.9,0.0,0.000458,45.1453,0.0,0,0.0,12.2719,97.53,0.0,41.5,55.7889,0.0,0.0,4.8586,40.1,447.0,0.0,113.216,123.513,0.0,8.99733,0.0,63.2,66.0746,0.0,0.0,0,47.57
2023-05-03 00:20:00,0.0,0.0,6.9,0.0,0.000458,44.6876,0.0,0,0.0,9.62783,102.31,0.0,43.5,54.4469,0.0,0.0,4.97292,37.1,447.0,0.0,113.08,135.629,0.0,9.2195,0.0,63.2,66.0197,0.0,0.0,0,54.99
2023-05-03 00:25:00,0.0,0.0,6.9,0.0,0.000458,48.9906,0.0,0,0.0,10.829,101.08,0.0,40.5,54.8886,0.0,0.0,4.88718,30.4,447.0,0.0,113.359,131.048,0.0,9.2134,0.0,63.1,66.0301,0.0,0.0,0,60.36
2023-05-03 00:30:00,0.0,0.0,6.9,0.0,0.000458,51.0353,0.0,0,0.0,10.9828,103.01,0.0,43.4,54.9214,0.0,0.0,5.11582,26.6,447.0,0.0,113.23,129.13,0.0,9.28908,0.0,63.2,66.3138,0.0,0.0,0,72.5
2023-05-03 00:35:00,0.0,0.0,6.9,0.0,0.000458,42.2095,0.0,0,0.0,11.7299,101.95,0.0,43.7,55.2387,0.0,0.0,5.20156,28.0,447.0,0.0,113.205,125.024,0.0,9.18166,0.0,63.1,66.2617,0.0,0.0,0,77.85
2023-05-03 00:40:00,0.0,0.0,6.9,0.0,0.000458,40.1038,0.0,0,0.0,10.5507,102.31,0.0,46.7,54.9521,0.0,0.0,5.1444,30.8,447.0,0.0,113.002,132.223,0.0,9.06691,0.0,63.2,66.1564,0.0,0.0,0,88.08
2023-05-03 00:45:00,0.0,0.0,6.9,0.0,0.000458,34.4762,0.0,0,0.0,8.90272,101.24,0.0,40.9,54.1482,0.0,0.0,4.5728,37.5,447.0,0.0,113.06,105.562,0.0,9.25734,0.0,63.2,65.7359,0.0,0.0,0,105.53
2023-05-03 00:50:00,0.0,0.0,6.9,0.0,0.000458,40.3357,0.0,0,0.0,8.6537,100.92,0.0,36.6,53.9161,0.0,0.0,5.03008,37.5,447.0,0.0,104.919,89.6422,0.0,9.25734,0.0,63.2,66.0292,0.0,0.0,0,120.46
2023-05-03 00:55:00,0.0,0.0,6.9,0.0,0.000458,30.8324,0.0,0,0.0,10.7411,106.41,0.0,41.0,54.933,0.0,0.0,5.03008,29.5,447.0,0.0,85.2143,96.7138,0.0,9.11818,0.0,63.2,66.0844,0.0,0.0,0,123.04
2023-05-03 01:00:00,0.0,0.0,6.9,0.0,0.000458,45.7374,0.0,0,0.0,11.4736,107.95,0.0,35.7,55.2673,0.0,0.0,4.88718,26.6,447.0,0.0,92.8954,97.8766,0.0,9.26345,0.0,63.2,65.7946,0.0,0.0,0,124.18
2023-05-03 01:05:00,0.0,0.0,6.9,0.0,0.000458,49.9489,0.0,0,0.0,11.6713,107.54,0.0,35.9,55.3554,0.0,0.0,4.97292,22.0,447.0,0.0,97.397,96.6145,0.0,9.13649,0.0,63.2,65.9991,0.0,0.0,0,123.31
2023-05-03 01:10:00,0.0,0.0,6.8,0.0,0.000458,63.3524,0.0,0,0.0,10.0819,106.81,0.0,36.0,54.5541,0.0,0.0,4.94434,21.2,447.0,0.0,93.4372,80.6011,0.0,9.28298,0.0,63.2,65.941,0.0,0.0,0,117.57
2023-05-03 01:15:00,0.0,0.0,6.9,0.0,0.000458,58.6282,0.0,0,0.0,12.7553,106.19,0.0,34.7,55.5609,0.0,0.0,5.08724,24.1,447.0,0.0,83.449,82.6911,0.0,9.19387,0.0,63.2,66.1993,0.0,0.0,0,114.85
2023-05-03 01:20:00,0.0,0.0,6.9,0.0,0.000458,53.1167,0.0,0,0.0,14.3227,106.08,0.0,27.9,56.2369,0.0,0.0,5.08724,25.8,447.0,0.0,92.0512,85.2819,0.0,9.41604,0.0,63.4,66.0549,0.0,0.0,0,105.6
2023-05-03 01:25:00,0.0,0.0,6.9,0.0,0.000458,33.9269,0.0,0,0.0,10.7485,103.7,0.0,46.9,54.8557,0.0,0.0,5.0015,38.1,447.0,0.0,92.7801,87.6665,0.0,9.33425,0.0,63.2,66.021,0.0,0.0,0,99.87
2023-05-03 01:30:00,0.0,0.0,6.9,0.0,0.000458,28.1346,0.0,0,0.0,12.3012,108.03,0.0,48.4,55.159,0.0,0.0,4.97292,47.2,447.0,0.0,95.5771,86.1369,0.0,9.24514,0.0,63.2,66.2176,0.0,0.0,0,96.12
2023-05-03 01:35:00,0.0,0.0,6.8,0.0,0.000458,20.206,0.0,0,0.0,11.913,106.57,0.0,48.7,55.5403,0.0,0.0,5.0015,56.0,447.0,0.0,97.7695,100.094,0.0,9.25124,0.0,63.2,66.2109,0.0,0.0,0,92.14
2023-05-03 01:40:00,0.0,0.0,6.9,0.0,0.000458,24.9302,0.0,0,0.0,11.9496,103.47,0.0,49.8,54.5195,0.0,0.0,5.1444,77.7,447.0,0.0,98.3513,99.4124,0.0,9.09255,0.0,63.4,65.9636,0.0,0.0,0,100.33
2023-05-03 01:45:00,0.0,0.0,6.9,0.0,0.000458,27.9759,0.0,0,0.0,11.1293,103.15,0.0,47.0,54.975,0.0,0.0,4.97292,95.3,447.0,0.0,100.227,61.8352,0.0,9.30251,0.0,63.2,66.0652,0.0,0.0,0,101.07
2023-05-03 01:50:00,0.0,0.0,6.9,0.0,0.000458,29.3004,0.0,0,0.0,11.1733,101.38,0.0,47.1,55.3922,0.0,0.0,4.8586,84.7,447.0,0.0,73.0209,82.6311,0.0,9.04128,0.0,63.2,66.1892,0.0,0.0,0,100.15
2023-05-03 01:55:00,0.0,0.0,6.9,0.0,0.000458,34.5434,0.0,0,0.0,11.1293,99.88,0.0,47.2,55.1828,0.0,0.0,5.0015,73.6,447.0,0.0,73.3323,85.8935,0.0,9.27687,0.0,63.0,66.1577,0.0,0.0,0,102.51
2023-05-03 02:00:00,0.0,0.0,6.9,0.0,0.000458,39.6399,0.0,0,0.0,9.75235,91.87,0.0,46.9,54.4858,0.0,0.0,4.91576,71.0,447.0,0.0,77.7293,77.0342,0.0,9.23903,0.0,63.3,65.9904,0.0,0.0,0,104.89
2023-05-03 02:05:00,0.0,0.0,6.9,0.0,0.000458,38.3886,0.0,0,0.0,10.331,92.41,0.0,46.9,54.6773,0.0,0.0,5.03008,74.0,447.0,0.0,78.0732,70.1489,0.0,9.19997,0.0,63.0,66.0864,0.0,0.0,0,104.51
2023-05-03 02:10:00,0.0,0.0,6.9,0.0,0.000458,46.8971,0.0,0,0.0,11.2172,83.08,0.0,46.9,55.2586,0.0,0.0,5.0015,65.8,447.0,0.0,82.6709,77.281,0.0,9.27077,0.0,63.2,65.9417,0.0,0.0,0,112.7
2023-05-03 02:15:00,0.0,0.0,6.9,0.0,0.000458,41.9287,0.0,0,0.0,11.9863,74.6,0.0,47.0,55.5359,0.0,0.0,4.91576,59.4,447.0,0.0,93.3608,73.0387,0.0,3.50408,0.0,63.1,65.803,0.0,0.0,0,107.98
2023-05-03 02:20:00,0.0,0.0,6.9,0.0,0.000458,60.6912,0.0,0,0.0,13.8833,77.84,0.0,49.6,55.2918,0.0,0.0,5.03008,49.4,447.0,0.0,97.7402,94.2513,0.0,2.98405,0.0,63.1,66.2674,0.0,0.0,0,106.0
2023-05-03 02:25:00,0.0,0.0,6.9,0.0,0.000458,60.209,0.0,0,0.0,12.5942,75.32,0.0,47.2,55.7785,0.0,0.0,4.97292,42.2,447.0,0.0,98.4106,101.118,0.0,3.15495,0.0,63.2,66.1345,0.0,0.0,0,117.29
2023-05-03 02:30:00,0.0,0.0,6.9,0.0,0.000458,55.1186,0.0,0,0.0,11.7299,56.28,0.0,47.0,55.9683,0.0,0.0,4.88718,31.6,447.0,0.0,108.598,97.7764,0.0,3.13665,0.0,63.1,65.9817,0.0,0.0,0,115.61
2023-05-03 02:35:00,0.0,0.0,6.9,0.0,0.000458,65.3544,0.0,0,0.0,18.7393,44.89,0.0,51.3,59.6606,0.0,0.0,5.05866,26.2,447.0,0.0,112.217,111.072,0.0,3.30144,0.0,63.2,66.0787,0.0,0.0,0,121.02
2023-05-03 02:40:00,0.0,0.0,6.8,0.0,0.000458,61.6495,0.0,0,0.0,11.4955,43.22,0.0,47.2,60.2203,0.0,0.0,4.97292,23.0,447.0,0.0,113.095,110.178,0.0,3.25017,0.0,63.2,65.9164,0.0,0.0,0,116.16
2023-05-03 02:45:00,0.0,0.0,6.9,0.0,0.000458,52.0424,0.0,0,0.0,17.7139,36.25,0.0,52.2,60.5709,0.0,0.0,4.94434,18.2,447.0,0.0,112.897,120.27,0.0,3.33318,0.0,63.2,66.0781,0.0,0.0,0,95.86
2023-05-03 02:50:00,0.0,0.0,6.9,0.0,0.000458,42.7832,0.0,0,0.0,25.5875,28.53,0.0,52.4,60.0256,0.0,0.0,5.0015,23.1,447.0,0.0,112.588,131.805,0.0,3.2575,0.0,63.3,65.9132,0.0,0.0,0,98.78
2023-05-03 02:55:00,0.0,0.0,6.9,0.0,0.000458,37.8576,0.0,0,0.0,30.5242,33.23,0.0,53.1,60.6304,0.0,0.0,4.7157,25.8,447.0,0.0,113.056,142.346,0.0,3.40276,0.0,63.1,66.1174,0.0,0.0,0,92.45
2023-05-03 03:00:00,0.0,0.0,6.9,0.0,0.000458,39.0173,0.0,0,0.0,26.862,33.31,0.0,51.8,59.2029,0.0,0.0,5.03008,24.4,447.0,0.0,113.026,144.675,0.0,3.30755,0.0,63.2,65.2843,0.0,0.0,0,95.74
2023-05-03 03:05:00,0.0,0.0,6.9,0.0,0.000458,42.472,0.0,0,0.0,14.2861,32.45,0.0,49.6,58.6898,0.0,0.0,5.17298,24.3,447.0,0.0,113.528,140.742,0.0,3.35271,0.0,63.2,65.8887,0.0,0.0,0,120.99
2023-05-03 03:10:00,0.0,0.0,6.9,0.0,0.000458,45.0111,0.0,0,0.0,16.0293,29.3,0.0,50.5,59.3291,0.0,0.0,5.03008,26.3,447.0,0.0,113.453,130.995,0.0,3.07927,0.0,63.2,65.8538,0.0,0.0,0,128.4
2023-05-03 03:15:00,0.0,0.0,6.9,0.0,0.000458,43.3021,0.0,0,0.0,14.0517,21.62,0.0,51.8,59.1006,0.0,0.0,5.05866,26.0,447.0,0.0,113.186,126.274,0.0,3.30755,0.0,63.2,65.8896,0.0,0.0,0,125.44
2023-05-03 03:20:00,0.0,0.0,6.9,0.0,0.000458,29.3492,0.0,0,0.0,27.7336,19.37,0.0,51.0,59.9923,0.0,0.0,5.17298,27.1,447.0,0.0,113.036,135.99,0.0,3.29534,0.0,63.2,66.1133,0.0,0.0,0,116.25
2023-05-03 03:25:00,0.0,0.0,6.9,0.0,0.000458,26.4134,0.0,0,0.0,32.9998,9.91,0.0,52.0,59.8893,0.0,0.0,4.88718,26.7,447.0,0.0,112.952,145.1,0.0,3.35271,0.0,63.2,66.1287,0.0,0.0,0,118.23
2023-05-03 03:30:00,0.0,0.0,6.9,0.0,0.000458,28.0735,0.0,0,0.0,23.8297,5.61,0.0,51.7,59.2551,0.0,0.0,5.11582,32.7,447.0,0.0,113.14,152.353,0.0,3.07927,0.0,63.1,66.1659,0.0,0.0,0,112.31
2023-05-03 03:35:00,0.0,0.0,6.9,0.0,0.000458,29.6422,0.0,0,0.0,35.9954,8.94,0.0,51.3,60.1994,0.0,0.0,5.05866,37.0,447.0,0.0,112.817,153.289,0.0,3.32097,0.0,63.5,66.2821,0.0,0.0,0,110.55
2023-05-03 03:40:00,0.0,0.0,6.9,0.0,0.000458,23.9658,0.0,0,0.0,16.1245,7.41,0.0,50.8,59.394,0.0,0.0,5.1444,52.6,447.0,0.0,113.126,165.555,0.0,3.24407,0.0,63.2,65.9704,0.0,0.0,0,113.99
2023-05-03 03:45:00,0.0,0.0,6.8,0.0,0.000458,19.7787,0.0,0,0.0,12.2133,11.23,0.0,50.9,59.2623,0.0,0.0,4.91576,51.8,447.0,0.0,113.384,153.582,0.0,3.14275,0.0,63.0,66.0749,0.0,0.0,0,115.58
2023-05-03 03:50:00,0.0,0.0,6.9,0.0,0.000458,14.8592,0.0,0,0.0,17.6187,12.67,0.0,50.6,59.9435,0.0,0.0,5.17298,57.3,447.0,0.0,113.086,156.607,0.0,3.20012,0.0,63.0,66.0869,0.0,0.0,0,117.21
2023-05-03 03:55:00,0.0,0.0,6.9,0.0,0.000458,13.022,0.0,0,0.0,17.6406,13.36,0.0,51.6,60.1016,0.0,0.0,5.0015,58.5,447.0,0.0,113.031,169.985,0.0,3.11101,0.0,63.2,66.3171,0.0,0.0,0,116.64
2023-05-03 04:00:00,0.0,0.0,6.9,0.0,0.000458,10.7942,0.0,0,0.0,16.1172,46.52,0.0,51.8,59.3572,0.0,0.0,5.08724,56.7,447.0,0.0,113.467,154.905,0.0,3.24407,0.0,63.2,66.072,0.0,0.0,0,115.49
2023-05-03 04:05:00,0.0,0.0,6.9,0.0,0.000458,12.5216,0.0,0,0.0,17.9702,76.93,0.0,50.9,60.2007,0.0,0.0,4.80144,66.7,447.0,0.0,113.32,127.611,0.0,3.2575,0.0,63.2,66.2062,0.0,0.0,0,92.42
2023-05-03 04:10:00,0.0,0.0,6.9,0.0,0.000458,12.6619,0.0,0,0.0,12.8579,87.24,0.0,50.6,58.8706,0.0,0.0,5.05866,82.6,447.0,0.0,113.559,103.847,0.0,3.14275,0.0,63.2,65.862,0.0,0.0,0,96.56
2023-05-03 04:15:00,0.0,0.0,6.9,0.0,0.000458,16.3607,0.0,0,0.0,14.5571,69.75,0.0,48.8,59.6909,0.0,0.0,5.0015,78.4,447.0,0.0,113.325,81.8461,0.0,3.2636,0.0,63.2,66.0828,0.0,0.0,0,101.73
2023-05-03 04:20:00,0.0,0.0,6.9,0.0,0.000458,20.6821,0.0,0,0.0,20.7462,31.41,0.0,52.6,60.8779,0.0,0.0,5.03008,54.7,447.0,0.0,113.2,104.703,0.0,3.12322,0.0,63.2,66.121,0.0,0.0,0,110.66
2023-05-03 04:25:00,0.0,0.0,6.8,0.0,0.000458,22.7817,0.0,0,0.0,21.2296,20.68,0.0,52.6,60.8712,0.0,0.0,5.23014,43.5,447.0,0.0,113.393,130.095,0.0,3.32708,0.0,63.2,66.0694,0.0,0.0,0,113.94
2023-05-03 04:30:00,0.0,0.0,6.9,0.0,0.000458,22.4582,0.0,0,0.0,22.2696,16.3,0.0,53.6,61.3584,0.0,0.0,5.0015,36.8,447.0,0.0,112.957,162.045,0.0,3.18059,0.0,63.2,65.8146,0.0,0.0,0,85.67
2023-05-03 04:35:00,0.0,0.0,6.9,0.0,0.000458,28.6961,0.0,0,0.0,18.5342,10.94,0.0,51.5,58.9095,0.0,0.0,5.05866,39.5,447.0,0.0,112.976,182.123,0.0,2.99016,0.0,63.2,65.808,0.0,0.0,0,94.75
2023-05-03 04:40:00,0.0,0.0,6.8,0.0,0.000458,33.7804,0.0,0,0.0,18.8565,10.64,0.0,49.4,59.5647,0.0,0.0,4.97292,51.9,447.0,0.0,112.777,185.704,0.0,3.29534,0.0,63.2,65.775,0.0,0.0,0,97.77
2023-05-03 04:45:00,0.0,0.0,6.8,0.0,0.000458,35.3674,0.0,0,0.0,13.2168,12.71,0.0,49.6,59.0197,0.0,0.0,4.83002,70.9,447.0,0.0,113.533,178.511,0.0,3.20623,0.0,63.2,66.0396,0.0,0.0,0,113.59
2023-05-03 04:50:00,0.0,0.0,6.9,0.0,0.000458,39.6277,0.0,0,0.0,10.1918,11.97,0.0,50.6,59.687,0.0,0.0,4.97292,84.7,447.0,0.0,113.086,155.535,0.0,3.14275,0.0,63.1,66.056,0.0,0.0,0,108.12
2023-05-03 04:55:00,0.0,0.0,6.9,0.0,0.000458,45.536,0.0,0,0.0,10.9975,11.16,0.0,50.0,60.2357,0.0,0.0,5.11582,97.7,447.0,0.0,113.39,140.637,0.0,3.13054,0.0,63.2,66.0978,0.0,0.0,0,111.97
2023-05-03 05:00:00,0.0,0.0,6.9,0.0,0.000458,51.2429,0.0,0,0.0,10.3163,10.87,0.0,49.8,59.6111,0.0,0.0,4.83002,118.1,447.0,0.0,112.996,118.522,0.0,2.90715,0.0,63.5,65.9332,0.0,0.0,0,108.98
2023-05-03 05:05:00,0.0,0.0,6.9,0.0,0.000458,49.8634,0.0,0,0.0,20.9586,8.19,0.0,49.3,59.748,0.0,0.0,4.83002,139.7,447.0,0.0,113.618,99.8379,0.0,3.32097,0.0,63.0,65.9407,0.0,0.0,0,104.94
2023-05-03 05:10:00,0.0,0.0,6.9,0.0,0.000458,49.2043,0.0,0,0.0,11.6274,5.69,0.0,47.8,59.2126,0.0,0.0,5.03008,162.5,447.0,0.0,113.19,103.443,0.0,3.08537,0.0,63.1,66.1655,0.0,0.0,0,104.76
2023-05-03 05:15:00,0.0,0.0,6.9,0.0,0.000458,40.9766,0.0,0,0.0,13.0629,3.31,0.0,48.7,59.5602,0.0,0.0,5.03008,163.6,447.0,0.0,113.351,83.7358,0.0,3.09148,0.0,63.2,65.9217,0.0,0.0,0,105.91
2023-05-03 05:20:00,0.0,0.0,6.9,0.0,0.000458,44.1688,0.0,0,0.0,10.8583,1.99,0.0,47.0,59.954,0.0,0.0,4.91576,163.1,447.0,0.0,113.11,94.316,0.0,3.40886,0.0,63.2,66.1064,0.0,0.0,0,103.4
2023-05-03 05:25:00,0.0,0.0,6.9,0.0,0.000458,38.6267,0.0,0,0.0,11.6494,1.82,0.0,47.0,60.4734,0.0,0.0,4.97292,160.8,447.0,0.0,112.692,100.282,0.0,3.23186,0.0,63.2,66.1853,0.0,0.0,0,114.39
2023-05-03 05:30:00,0.0,0.0,6.9,0.0,0.000458,30.6554,0.0,0,0.0,13.019,4.22,0.0,46.9,61.0345,0.0,0.0,5.05866,155.9,447.0,0.0,112.827,119.001,0.0,3.12322,0.0,63.3,66.1275,0.0,0.0,0,117.08
2023-05-03 05:35:00,0.0,0.0,6.9,0.0,0.000458,28.0613,0.0,0,0.0,23.9396,7.79,0.0,51.1,60.8846,0.0,0.0,5.03008,158.4,388.450012207,0.0,112.324,164.272,0.0,3.35882,0.0,63.3,66.1256,0.0,0.0,0,119.88
2023-05-03 05:40:00,0.0,0.0,6.8,0.0,0.000458,20.0107,0.0,0,0.0,16.5786,7.52,0.0,52.4,60.1183,0.0,0.0,4.88718,160.5,447.0,0.0,113.343,134.665,0.0,3.07317,0.0,63.1,65.9756,0.0,0.0,0,116.97
2023-05-03 05:45:00,0.0,0.0,6.9,0.0,0.000458,12.3934,0.0,0,0.0,18.9517,5.56,0.0,51.4,60.0349,0.0,0.0,5.20156,154.8,447.0,0.0,112.718,143.978,0.0,3.2575,0.0,63.2,65.9616,0.0,0.0,0,112.65
2023-05-03 05:50:00,0.0,0.0,6.9,0.0,0.000458,7.87671,0.0,0,0.0,16.9082,1.63,0.0,52.1,59.8121,0.0,0.0,5.08724,151.0,447.0,0.0,113.026,159.409,0.0,3.10491,0.0,63.2,66.095,0.0,0.0,0,116.86
2023-05-03 05:55:00,0.0,0.0,6.9,0.0,0.000458,9.0547,0.0,0,0.0,17.4063,0.0,0.0,50.3,59.6567,0.0,0.0,5.05866,157.0,447.0,0.0,112.872,172.549,0.0,2.88884,0.0,63.1,65.8725,0.0,0.0,0,125.44
2023-05-03 06:00:00,0.0,0.0,6.9,0.0,0.000458,11.7952,0.0,0,0.0,57.6754,0.0,0.0,49.4,60.4101,0.0,0.0,5.0015,151.9,367.429992676,0.0,112.1,212.99,0.0,3.16838,0.0,63.1,66.2136,0.0,0.0,0,121.66
2023-05-03 06:05:00,0.0,0.0,6.9,0.0,0.000458,13.9376,0.0,0,0.0,22.5992,0.0,0.0,53.0,96.7073,0.0,0.0,9.66004,145.5,447.0,0.0,62.7052,205.396,0.0,3.09758,0.0,63.2,66.1671,0.0,0.0,0,123.18
2023-05-03 06:10:00,0.0,0.0,6.9,0.0,0.000458,16.5316,0.0,0,0.0,46.6596,0.0,0.0,52.9,98.5107,0.0,0.0,12.6895,121.6,403.519989014,0.0,57.9466,224.041,0.0,3.42229,0.0,63.4,66.1342,0.0,0.0,0,126.42
2023-05-03 06:15:00,0.0,0.0,6.9,0.0,0.000458,17.3373,0.0,0,0.0,36.2664,0.0,0.0,51.1,95.9349,0.0,0.0,13.0896,117.5,427.239990234,0.0,59.87,234.171,0.0,3.22576,0.0,63.3,65.8273,0.0,0.0,0,122.92
2023-05-03 06:20:00,0.0,0.0,6.9,0.0,0.000458,15.6527,0.0,0,0.0,35.5413,0.0,0.0,51.6,96.5693,0.0,0.0,12.9182,119.5,447.0,0.0,59.66,238.03,0.0,2.97063,0.0,63.3,65.8259,0.0,0.0,0,125.92
2023-05-03 06:25:00,0.0,0.0,6.9,0.0,0.000458,16.8978,0.0,0,0.0,41.2689,0.0,0.0,50.6,96.1503,0.0,0.0,13.0896,125.1,447.0,0.0,59.7,238.021,0.0,3.17449,0.0,63.1,65.7655,0.0,0.0,0,120.6
2023-05-03 06:30:00,0.0,0.0,6.9,0.0,0.000458,21.323,0.0,0,0.0,56.1556,0.0,0.0,50.3,96.9943,0.0,0.0,13.0896,111.9,447.0,0.0,59.8,238.381,0.0,3.17449,0.0,63.2,66.0723,0.0,0.0,0,121.25
2023-05-03 06:35:00,0.0,0.0,6.9,0.0,0.000458,17.319,0.0,0,0.0,70.2623,0.0,0.0,51.5,97.1267,0.0,0.0,12.9753,93.2,447.0,0.0,59.71,238.309,0.0,3.28191,0.0,63.2,74.8507,0.0,0.0,0,123.79
2023-05-03 06:40:00,0.0,0.0,6.9,0.0,0.000458,18.6374,0.0,0,0.0,101.859,9.63,0.0,50.6,95.7143,0.0,0.0,13.1754,86.4,447.0,0.0,59.84,238.365,0.0,2.98405,0.0,63.2,74.4596,0.0,0.0,0,119.89
2023-05-03 06:45:00,0.0,0.0,6.9,0.0,0.000458,16.202,0.0,0,0.0,165.75,7.9,0.0,49.3,95.701,0.0,0.0,13.0896,102.3,373.570007324,0.0,59.68,238.186,0.0,3.2575,0.0,63.2,75.1622,0.0,0.0,0,106.93
2023-05-03 06:50:00,0.0,0.0,6.9,0.0,0.000458,15.7076,0.0,0,0.0,160.732,1.86,0.0,48.0,96.0627,0.0,0.0,13.0325,109.9,396.209991455,0.0,59.74,238.299,0.0,3.30755,0.0,63.0,78.0779,0.0,1.1,0,103.11
2023-05-03 06:55:00,0.0,0.0,6.9,0.0,0.000458,12.3995,0.0,0,0.0,150.801,0.0,0.0,47.1,95.3154,0.0,0.0,13.0325,120.6,409.829986572,0.0,56.94,233.028,0.0,3.37713,0.0,63.5,77.8374,0.0,1.3,0,111.92
2023-05-03 07:00:00,0.0,0.0,6.9,0.0,0.000458,10.8675,0.0,0,0.0,155.869,0.0,0.0,47.3,96.0522,0.0,0.0,13.0325,122.7,411.440002441,0.0,55.45,231.53,0.0,3.28191,0.0,63.2,77.827,0.0,1.8,0,108.7
2023-05-03 07:05:00,0.0,0.0,6.9,0.0,0.000458,8.09033,0.0,0,0.0,82.3182,0.0,0.0,47.1,107.12,0.0,0.0,13.0325,121.9,433.450012207,0.0,57.92,235.725,0.0,23.1199,0.0,63.2,78.1462,0.0,19.1,0,110.7
2023-05-03 07:10:00,0.0,0.0,6.9,0.0,0.000458,10.3975,0.0,0,0.0,124.543,0.0,0.0,47.0,105.619,0.0,0.0,13.0896,135.4,432.549987793,0.0,55.55,231.194,0.0,24.072,0.0,63.2,77.8538,0.0,14.4,0,110.07
2023-05-03 07:15:00,0.0,0.0,6.9,0.0,0.000458,8.07813,0.0,0,0.0,139.089,0.0,0.0,47.0,106.796,0.0,0.0,13.0325,119.0,401.470001221,0.0,58.61,236.947,0.0,24.072,0.0,63.2,77.8163,0.0,3.3,0,115.65
2023-05-03 07:20:00,0.0,0.0,6.9,0.0,0.000458,3.25628,0.0,0,0.0,116.684,2.97,0.0,46.9,106.33,0.0,0.0,13.1468,127.0,447.0,0.0,58.45,237.851,0.0,23.9646,0.0,63.1,78.0472,0.0,2.4,0,112.29
2023-05-03 07:25:00,0.0,0.0,6.9,0.0,0.000458,2.40787,0.0,0,0.0,117.138,2.44,0.0,47.0,106.29,0.0,0.0,13.0896,126.0,447.0,0.0,55.56,231.536,0.0,24.1233,0.0,63.4,77.8131,0.0,1.9,0,112.23
2023-05-03 07:30:00,0.0,0.0,6.9,0.0,0.000458,3.90326,0.0,0,1.5,111.652,0.62,0.0,48.6,108.974,0.0,0.0,13.2897,119.2,447.0,0.0,57.71,237.025,0.0,23.8315,0.0,63.3,78.1939,0.0,14.23,0,108.69
2023-05-03 07:35:00,0.0,0.0,6.9,0.0,0.000458,4.17182,0.0,0,35.16,92.4843,0.41,0.0,10.4,109.327,0.0,0.0,13.1468,114.6,447.0,0.0,60.28,239.836,0.0,24.2625,0.0,63.2,77.8198,0.0,64.94,0,110.3
2023-05-03 07:40:00,0.0,0.0,6.9,0.0,0.000458,3.72625,0.0,0,40.89,94.7915,1.67,0.0,0.0,102.462,0.0,0.0,13.0325,111.7,447.0,0.0,60.21,239.282,0.0,24.492,0.0,63.2,77.8255,0.0,100.96,0,102.66
2023-05-03 07:45:00,0.0,0.0,6.9,0.0,0.000458,3.72015,0.0,0,33.32,95.9414,2.61,0.0,0.0,106.608,0.0,0.0,13.1754,110.0,447.0,0.0,59.93,238.691,0.0,24.1294,0.0,63.1,77.7117,0.0,103.33,0,111.8
2023-05-03 07:50:00,0.0,0.0,6.9,0.0,0.000458,5.52682,0.0,0,36.11,120.705,3.78,0.0,0.0,107.188,0.0,0.0,13.204,107.5,447.0,0.0,59.86,238.918,0.0,24.1355,0.0,63.1,77.6909,0.0,102.77,0,113.17
2023-05-03 07:55:00,0.0,0.0,6.9,0.0,0.000458,4.73335,0.0,0,35.29,120.668,3.09,0.0,0.0,107.195,0.0,0.0,13.0039,101.2,447.0,0.0,59.79,238.558,0.0,24.1355,0.0,63.4,77.8862,0.0,103.74,0,110.92
2023-05-03 08:00:00,0.0,0.0,6.9,0.0,0.000458,4.36713,0.0,0,33.7,130.293,2.12,0.0,0.0,107.18,0.0,0.0,13.0896,75.2,447.0,0.0,59.78,238.678,0.0,24.1294,0.0,63.2,77.9275,0.0,103.67,0,109.31
2023-05-03 08:05:00,0.0,0.0,6.9,0.0,0.000458,5.8381,0.0,0,34.96,140.378,0.24,0.0,0.0,107.377,0.0,0.0,13.2325,51.5,447.0,0.0,59.69,238.643,0.0,23.9902,0.0,63.2,78.1552,0.0,103.57,0,109.67
2023-05-03 08:10:00,0.0,0.0,6.9,0.0,0.000458,5.76486,0.0,0,36.77,161.516,3.4,0.0,0.0,108.019,0.0,0.0,13.1468,26.9,438.709991455,0.0,59.8,238.59,0.0,24.1489,0.0,63.1,78.1951,0.0,104.15,0,108.82
2023-05-03 08:15:00,0.0,0.0,6.9,0.0,0.000458,8.16358,0.0,0,36.14,159.883,27.05,0.0,0.0,107.268,0.0,0.0,13.1468,21.1,438.809997559,0.0,59.8,238.391,0.0,23.7998,0.0,63.1,78.0381,0.0,106.52,0,107.4
2023-05-03 08:20:00,0.0,0.0,6.9,0.0,0.000458,9.897,0.0,0,33.66,124.257,61.2,0.0,0.0,105.781,0.0,0.0,13.0325,15.2,447.0,0.0,59.8,238.522,0.0,24.0464,0.0,63.2,77.8886,0.0,107.97,0,105.24
2023-05-03 08:25:00,0.0,0.0,6.9,0.0,0.000458,9.87259,0.0,0,31.04,77.4987,73.27,0.0,0.0,106.396,0.0,0.0,13.1182,16.9,447.0,0.0,59.79,238.843,0.0,23.9451,0.0,63.2,78.0544,0.0,107.89,0,105.87
2023-05-03 08:30:00,0.0,0.0,6.9,0.0,0.000458,11.7708,0.0,0,31.13,56.6757,85.76,0.0,0.0,106.706,0.0,0.0,13.1468,18.8,447.0,0.0,59.87,238.773,0.0,24.1038,0.0,63.3,78.1945,0.0,108.2,0,100.38
2023-05-03 08:35:00,0.0,0.0,6.9,0.0,0.000458,11.4107,0.0,0,32.37,72.5035,92.65,0.0,0.0,107.41,0.0,0.0,13.1754,18.8,447.0,0.0,59.82,238.422,0.0,23.9329,0.0,63.2,78.1985,0.0,95.72,0,103.37
2023-05-03 08:40:00,0.0,0.0,6.9,0.0,0.000458,9.27443,0.0,0,31.93,64.2563,86.73,0.0,0.0,107.232,0.0,0.0,13.0611,20.0,447.0,0.0,59.86,238.55,0.0,24.0024,0.0,63.0,78.2803,0.0,93.77,0,112.66
2023-05-03 08:45:00,0.0,0.0,6.9,0.0,0.000458,10.3914,0.0,0,0.0,120.309,89.86,0.0,0.0,108.06,0.0,0.0,13.0611,14.9,447.0,0.0,59.81,238.764,0.0,23.9329,0.0,63.4,78.1881,0.0,98.64,0,89.85
2023-05-03 08:50:00,0.0,0.0,6.9,0.0,0.000458,12.5032,0.0,0,0.0,112.428,75.51,0.0,0.0,107.193,0.0,0.0,13.0611,18.4,447.0,0.0,59.8,238.539,0.0,23.895,0.0,63.2,78.1861,0.0,99.38,0,77.6
2023-05-03 08:55:00,0.0,0.0,6.9,0.0,0.000458,12.1553,0.0,0,0.0,146.296,70.4,0.0,0.0,108.01,0.0,0.0,12.8896,26.3,447.0,0.0,59.7,238.397,0.0,23.9768,0.0,63.2,78.0648,0.0,100.98,0,88.38
2023-05-03 09:00:00,0.0,0.0,6.9,0.0,0.000458,11.7769,0.0,0,0.0,109.198,67.92,0.0,0.0,106.967,0.0,0.0,12.9467,46.6,447.0,0.0,59.72,238.212,0.0,23.9133,0.0,63.1,78.0971,0.0,99.25,0,91.91
2023-05-03 09:05:00,0.0,0.0,6.8,0.0,0.000458,12.0577,0.0,0,0.0,132.541,61.13,0.0,0.0,107.661,0.0,0.0,13.0039,60.4,425.190002441,0.0,59.74,238.436,0.0,23.9646,0.0,63.1,77.9106,0.0,100.01,0,65.81
2023-05-03 09:10:00,0.0,0.0,6.9,0.0,0.000458,12.4788,0.0,0,0.0,113.952,49.68,0.0,0.0,107.425,0.0,0.0,12.9182,54.8,447.0,0.0,59.78,238.531,0.0,23.6973,0.0,63.1,78.0212,0.0,101.45,0,59.49
2023-05-03 09:15:00,0.0,0.0,6.9,0.0,0.000458,12.6925,0.0,0,0.0,128.432,35.38,0.0,4.3,107.41,0.0,0.0,13.1182,53.1,447.0,0.0,59.83,238.551,0.0,23.8755,0.0,63.2,77.9429,0.0,101.76,0,57.88
2023-05-03 09:20:00,0.0,0.0,6.9,0.0,0.000458,16.4584,0.0,0,0.0,108.356,15.9,0.0,41.1,107.061,0.0,0.0,13.0896,76.9,447.0,0.0,59.81,238.44,0.0,23.9329,0.0,63.1,78.022,0.0,100.73,0,77.04
2023-05-03 09:25:00,0.0,0.0,6.9,0.0,0.000458,20.6943,0.0,0,0.0,66.2632,4.83,0.0,53.7,105.637,0.0,0.0,12.9753,88.0,440.109985352,0.0,59.75,238.45,0.0,24.0281,0.0,63.2,77.6053,0.0,94.51,0,90.48
2023-05-03 09:30:00,0.0,0.0,6.9,0.0,0.000458,21.6159,0.0,0,0.0,48.6922,0.0,0.0,53.9,105.967,0.0,0.0,13.0611,86.1,434.940002441,0.0,59.77,238.49,0.0,23.6472,0.0,63.1,77.8528,0.0,90.29,0,71.68
2023-05-03 09:35:00,0.0,0.0,6.8,0.0,0.000458,24.6372,0.0,0,0.0,87.9872,0.0,0.0,53.9,76.0141,0.0,0.0,13.0896,75.3,436.440002441,0.0,59.71,238.391,0.0,24.1611,0.0,63.2,77.7479,0.0,92.3,0,86.7
2023-05-03 09:40:00,0.0,0.0,6.9,0.0,0.000458,26.1143,0.0,0,0.0,64.1611,0.0,0.0,53.8,78.2715,0.0,0.0,13.0325,67.8,437.049987793,0.0,59.81,238.457,0.0,23.7925,0.0,63.2,78.5138,0.0,85.38,0,81.06
2023-05-03 09:45:00,0.0,0.0,6.9,0.0,0.000458,30.4478,0.0,0,0.0,58.8657,6.82,0.0,54.0,77.7153,0.0,0.0,13.0611,62.5,434.809997559,0.0,59.83,238.1,0.0,23.6216,0.0,63.3,77.7562,0.0,98.17,0,107.8
2023-05-03 09:50:00,0.0,0.0,6.9,0.0,0.000458,26.096,0.0,0,0.0,70.7457,22.22,0.0,11.2,77.3694,0.0,0.0,13.0896,61.7,437.200012207,0.0,59.69,238.336,0.0,23.7546,0.0,63.2,77.722,0.0,101.09,0,107.13
2023-05-03 09:55:00,0.0,0.0,6.9,0.0,0.000458,22.2751,0.0,0,0.0,109.543,10.82,0.0,0.0,78.0962,0.0,0.0,13.0325,65.3,401.470001221,0.0,59.87,238.735,0.0,23.5386,0.0,63.3,77.897,0.0,97.25,0,110.57
2023-05-03 10:00:00,0.0,0.0,6.9,0.0,0.000458,24.5457,0.0,0,0.0,128.725,1.31,0.0,0.0,77.7182,0.0,2.18,13.1468,58.9,383.380004883,0.0,59.82,238.486,0.0,23.9268,0.0,63.5,77.7709,0.0,102.8,0,96.73
2023-05-03 10:05:00,0.0,0.0,6.9,0.0,0.000458,24.9058,0.0,0,0.0,104.54,1.66,0.0,0.0,77.8614,0.0,48.04,13.0325,48.8,378.010009766,0.0,59.73,238.198,0.0,23.939,0.0,63.2,77.5968,0.0,104.15,0,60.85
2023-05-03 10:10:00,0.0,0.0,6.9,0.0,0.000458,28.452,0.0,0,0.0,120.251,0.26,0.0,0.0,77.6712,0.0,71.92,13.1754,52.4,396.950012207,0.0,59.79,238.293,0.0,23.8755,0.0,63.0,77.7261,0.0,98.05,0,33.61
2023-05-03 10:15:00,0.0,0.0,6.9,0.0,0.000458,24.7044,0.0,0,0.0,184.632,0.99,0.0,0.0,77.6071,0.0,76.09,13.0896,69.5,332.190002441,0.0,59.78,238.645,0.0,23.7998,0.0,63.3,77.7993,0.0,103.49,0,22.65
2023-05-03 10:20:00,0.0,0.0,6.9,0.0,0.000458,33.7987,0.0,0,0.0,64.7544,1.7,0.0,0.0,76.7174,0.0,77.93,13.0039,103.0,439.890014648,0.0,59.7,238.386,0.0,23.5959,0.0,63.0,77.9104,0.0,102.96,0,15.77
2023-05-03 10:25:00,0.0,0.0,6.9,0.0,0.000458,33.8354,0.0,0,0.0,55.5792,2.56,0.0,0.0,76.9589,0.0,78.15,12.9753,130.1,436.369995117,0.0,59.74,238.461,0.0,23.7864,0.0,63.3,77.8071,0.0,79.45,0,11.06
2023-05-03 10:30:00,0.0,0.0,6.9,0.0,0.000458,34.2992,0.0,0,0.0,50.34,4.29,0.0,0.0,76.143,0.0,79.53,12.9753,140.8,370.089996338,0.0,59.83,238.457,1.13,23.8694,0.0,63.1,77.7208,0.0,90.08,0,11.53
2023-05-03 10:35:00,0.0,0.0,6.9,4.65975,0.000458,34.9218,0.0,0,0.0,20.9149,5.07,0.0,0.0,86.3215,0.0,62.9,17.8053,154.6,381.929992676,0.0,59.76,238.467,42.77,29.6727,0.0,63.2,77.9781,0.0,42.17,0,28.81
2023-05-03 10:40:00,0.0,0.0,6.8,38.9082,0.000458,36.9909,0.0,0,0.0,21.417,12.25,0.0,0.0,88.0127,0.0,40.47,22.3781,157.8,391.799987793,0.0,59.99,206.159,42.48,29.6544,0.0,63.3,78.0505,0.0,15.97,0,20.51
2023-05-03 10:45:00,0.0,0.0,6.9,44.6562,0.000458,36.4355,0.0,0,0.0,21.4936,9.99,0.0,0.0,87.6954,0.0,70.33,23.6928,156.8,171.699996948,0.0,59.44,234.447,111.57,30.0536,0.0,63.5,78.2588,0.0,70.3,0,20.5
2023-05-03 10:50:00,0.0,0.0,6.9,40.8841,0.000458,42.063,0.0,0,0.0,114.247,11.63,0.0,0.0,87.3496,0.0,76.61,24.1787,158.4,90.3700027466,0.0,59.79,238.261,112.47,29.8692,0.0,63.0,78.3301,0.0,93.06,0,26.47
2023-05-03 10:55:00,0.0,0.0,6.9,26.6339,0.000458,46.2928,0.0,0,0.0,102.327,8.84,0.0,0.0,86.8101,0.0,76.91,23.8357,157.0,89.9199981689,0.0,59.7,237.987,111.92,29.7679,0.0,63.2,77.5708,0.0,95.16,0,50.0
2023-05-03 11:00:00,0.0,0.0,6.8,28.2505,0.000458,40.3601,0.0,0,0.0,71.9447,4.95,0.0,0.0,87.1132,0.0,77.38,23.9215,152.3,89.1500015259,0.0,59.62,237.974,112.07,29.8448,0.0,63.3,77.9915,0.0,93.85,0,37.28
2023-05-03 11:05:00,0.0,0.0,0.0,5.0,0.0,37.2147,0.0,0,0.0,100.436,3.85046,0.0,0.0,89.0,0.0,78.0,24.0,153.0,89.0500030518,0.0,60.0,239.0,114.0,0.0,0.0,63.3,78.0,0.0,97.0,0,0.0
2023-05-03 11:10:00,0.0,0.0,6.8,5.31838,0.000458,33.3349,0.0,0,0.0,103.651,0.0,0.0,0.0,87.4544,0.0,77.77,23.8357,140.5,89.0599975586,0.0,59.66,238.321,112.76,24.1868,0.0,63.1,77.6112,0.0,95.47,0,40.99
2023-05-03 11:15:00,0.0,0.0,6.8,13.5212,0.000458,31.8822,0.0,0,0.0,123.921,0.0,0.0,0.0,86.6376,0.0,76.89,23.8643,135.1,89.4100036621,0.0,59.72,238.544,111.65,24.2368,0.0,63.2,77.974,0.0,94.33,0,46.5
2023-05-03 11:20:00,0.0,0.0,6.9,26.2746,0.000458,41.4588,0.0,0,0.0,132.323,0.0,0.0,0.0,87.1737,0.0,77.54,23.8929,115.7,89.2900009155,0.0,59.75,238.61,112.47,24.0977,0.0,63.1,78.2421,0.0,95.8,0,43.82
2023-05-03 11:25:00,0.0,0.0,6.8,33.1603,0.000458,46.1586,0.0,0,0.0,137.478,0.0,0.0,0.0,87.36,0.0,77.59,23.8643,86.7,89.1600036621,0.0,59.62,238.262,112.71,24.1868,0.0,63.1,78.3278,0.0,95.75,0,31.62
2023-05-03 11:30:00,0.0,0.0,6.9,25.3166,0.000458,43.8453,0.0,0,0.0,149.721,0.0,0.0,0.0,86.921,0.0,77.26,23.8071,73.0,87.6600036621,0.0,59.72,238.224,112.3,24.2368,0.0,63.3,77.829,0.0,95.37,0,71.06
2023-05-03 11:35:00,0.0,0.0,6.9,11.6651,0.000458,34.4274,0.0,0,0.0,238.155,0.0,0.0,0.0,67.9446,0.0,78.04,12.6324,63.5,88.8799972534,0.0,59.74,238.36,112.17,3.51751,0.0,63.2,65.7388,0.0,93.98,0,53.53
2023-05-03 11:40:00,0.0,0.0,6.9,8.67138,0.000458,29.9291,0.0,0,0.0,283.822,0.0,0.0,0.0,66.2441,0.0,79.9,12.8324,73.9,88.7399978638,0.0,59.87,238.676,111.94,3.24407,0.0,63.2,66.4582,0.0,79.71,0,63.21
2023-05-03 11:45:00,0.0,0.0,6.8,5.79738,0.000458,30.5089,0.0,0,0.0,182.553,0.0,0.0,0.0,66.3602,0.0,79.34,12.7467,90.5,248.199996948,0.0,59.68,238.006,58.34,3.37713,0.0,63.2,63.8213,0.0,70.49,0,72.11
2023-05-03 11:50:00,0.0,0.0,6.9,3.28262,0.000458,35.7763,0.0,0,0.0,47.0054,0.0,0.0,0.0,65.4173,0.0,76.61,12.9753,93.7,388.0,0.0,59.68,238.338,31.92,3.35882,0.0,63.2,66.0994,0.0,33.28,0,79.49
2023-05-03 11:55:00,0.0,0.0,6.9,0.0,0.000458,38.5412,0.0,0,0.0,19.1138,0.0,0.0,0.0,66.9502,0.0,72.76,12.861,90.0,425.119995117,0.0,59.81,238.601,0.57,3.46624,0.0,63.3,66.2909,0.0,29.07,0,81.74
2023-05-03 12:00:00,0.0,0.0,6.9,0.0,0.000458,41.2696,0.0,0,0.0,38.0405,0.0,0.0,0.0,68.8545,0.0,69.13,13.0325,82.3,435.190002441,0.0,59.7,238.562,0.0,3.28191,0.0,63.1,66.2552,0.0,36.83,0,83.47
2023-05-03 12:05:00,0.0,0.0,6.9,0.0,0.000458,41.5808,0.0,0,0.0,171.074,0.0,0.0,0.0,41.7552,0.0,0.0,13.0896,76.7,446.589996338,0.0,59.84,238.85,0.0,3.36492,0.0,63.3,65.9369,0.0,26.67,0,88.99
2023-05-03 12:10:00,0.0,0.0,6.9,0.0,0.000458,40.1038,0.0,0,0.0,199.155,0.0,0.0,0.0,41.1399,0.0,0.0,12.9467,72.0,402.440002441,0.0,59.76,238.427,0.0,3.35882,0.0,63.3,66.152,0.0,15.0,0,83.99
2023-05-03 12:15:00,0.0,0.0,6.9,0.0,0.000458,39.0967,0.0,0,0.0,173.482,0.0,0.0,0.0,41.0641,0.0,0.0,12.9753,68.8,447.0,0.0,59.76,238.389,0.0,3.20623,0.0,63.2,65.9623,0.0,16.2,0,83.2
2023-05-03 12:20:00,0.0,0.0,6.9,0.0,0.000458,32.4071,0.0,0,0.0,188.863,0.0,0.0,0.0,41.0871,0.0,0.0,12.9753,72.0,447.0,0.0,59.75,238.483,0.0,3.16838,0.0,63.2,65.968,0.0,15.5,0,78.78
2023-05-03 12:25:00,0.0,0.0,6.9,0.0,0.000458,29.7948,0.0,0,0.0,194.706,4.69,0.0,0.0,41.2528,0.0,0.0,12.861,67.0,447.0,0.0,59.69,238.007,0.0,3.13665,0.0,63.1,66.063,0.0,19.0,0,89.21
2023-05-03 12:30:00,0.0,0.0,6.9,0.0,0.000458,32.0287,0.0,0,0.0,179.007,2.68,0.0,0.0,41.1396,0.0,0.0,13.0039,65.5,447.0,0.0,59.78,238.428,0.0,3.25017,0.0,63.2,66.2303,0.0,20.1,0,89.54
2023-05-03 12:35:00,0.0,0.0,6.9,0.0,0.000458,29.4469,0.0,0,0.0,174.142,0.0,0.0,0.0,40.1984,0.0,0.0,13.0325,61.6,447.0,0.0,59.73,238.357,0.0,3.23796,0.0,63.2,65.6984,0.0,15.1,0,93.97
2023-05-03 12:40:00,0.0,0.0,6.9,0.0,0.000458,24.8997,0.0,0,0.0,169.955,0.0,0.0,0.0,40.7548,0.0,0.0,12.9182,70.3,447.0,0.0,59.73,238.567,0.0,3.27581,0.0,63.4,66.2168,0.0,8.7,0,91.38
2023-05-03 12:45:00,0.0,0.0,6.9,0.0,0.000458,25.0095,0.0,0,0.0,178.066,0.0,0.0,0.0,41.0508,0.0,0.0,13.0325,71.8,447.0,0.0,59.77,238.761,0.0,3.4284,0.0,63.2,66.1551,0.0,11.3,0,86.27
2023-05-03 12:50:00,0.0,0.0,6.9,0.0,0.000458,26.7369,0.0,0,0.0,192.36,0.0,0.0,0.0,40.5434,0.0,0.0,13.1468,78.7,437.510009766,0.0,59.8,238.62,0.0,3.15495,0.0,63.2,65.9007,0.0,11.6,0,88.78
2023-05-03 12:55:00,0.0,0.0,6.9,0.0,0.000458,30.631,0.0,0,0.0,178.456,0.0,0.0,0.0,40.6565,0.0,0.0,12.861,82.9,447.0,0.0,59.77,238.424,0.0,3.11711,0.0,63.3,65.9558,0.0,7.9,0,95.89
2023-05-03 13:00:00,0.0,0.0,6.9,0.0,0.000458,31.3085,0.0,0,0.0,149.953,0.5,0.0,0.0,41.109,0.0,0.0,12.9182,90.2,447.0,0.0,59.69,238.126,0.0,3.22576,0.0,63.2,66.2293,0.0,8.9,0,83.76
2023-05-03 13:05:00,0.0,0.0,6.9,0.0,0.000458,36.1608,0.0,0,0.0,158.717,0.0,0.0,0.0,40.4333,0.0,0.0,12.9467,92.4,447.0,0.0,59.85,238.672,0.0,3.21233,0.0,63.1,66.0072,0.0,7.3,0,89.32
2023-05-03 13:10:00,0.0,0.0,6.9,0.0,0.000458,45.3956,0.0,0,0.0,159.691,0.09,0.0,0.0,41.2277,0.0,0.0,13.1754,91.3,426.470001221,0.0,59.86,238.825,0.0,3.20623,0.0,63.2,66.2914,0.0,9.0,0,87.69
2023-05-03 13:15:00,0.0,0.0,6.8,0.0,0.000458,57.3159,0.0,0,0.0,120.01,7.03,0.0,0.0,40.9162,0.0,0.0,12.8896,88.9,444.769989014,0.0,59.74,238.432,0.0,3.14885,0.0,63.2,66.0544,0.0,11.8,0,84.38
2023-05-03 13:20:00,0.0,0.0,6.9,0.0,0.000458,58.085,0.0,0,0.0,88.7322,10.61,0.0,0.0,40.7182,0.0,0.0,13.0325,90.2,443.230010986,0.0,59.84,238.73,0.0,3.40276,0.0,63.0,66.2155,0.0,10.0,0,88.29
2023-05-03 13:25:00,0.0,0.0,6.9,0.0,0.000458,50.2174,0.0,0,0.0,92.9391,11.22,0.0,0.0,40.7806,0.0,0.0,12.8896,85.4,442.230010986,0.0,59.91,227.296,0.0,3.35882,0.0,63.2,66.3127,0.0,9.3,0,84.46
2023-05-03 13:30:00,0.0,0.0,6.8,0.0,0.000458,52.2744,0.0,0,0.0,103.515,9.3,0.0,0.0,40.5604,0.0,0.0,12.8896,88.6,428.470001221,0.0,59.6,237.791,0.0,3.23186,0.0,63.5,44.2,0.0,7.3,0,84.25
2023-05-03 13:35:00,0.0,0.0,6.9,0.0,0.000458,52.5063,0.0,0,0.0,112.361,14.79,0.0,0.0,40.7617,0.0,0.0,4.94434,82.6,427.019989014,0.0,59.72,238.418,0.0,3.028,0.0,63.2,44.31,0.0,5.5,0,72.97
2023-05-03 13:40:00,0.0,0.0,6.8,0.0,0.000458,49.0333,0.0,0,0.0,119.731,18.07,0.0,0.0,40.95,0.0,0.0,5.11582,86.3,422.790008545,0.0,61.1321,238.893,0.0,3.2636,0.0,63.2,46.91,0.0,6.4,0,74.16
2023-05-03 13:45:00,0.0,0.0,6.9,0.0,0.000458,47.3426,0.0,0,0.0,120.317,21.72,0.0,0.0,41.3166,0.0,0.0,5.20156,87.3,439.679992676,0.0,61.256,238.688,0.0,3.20623,0.0,63.2,47.19,0.0,5.4,0,80.53
2023-05-03 13:50:00,0.0,0.0,6.8,0.0,0.000458,53.8186,0.0,0,0.0,111.879,14.65,0.0,0.0,41.5415,0.0,0.0,5.08724,97.6,438.730010986,0.0,60.8982,238.371,0.0,3.28191,0.0,63.4,48.89,0.0,12.3,0,85.83
2023-05-03 13:55:00,0.0,0.0,6.9,0.0,0.000458,57.4197,0.0,0,0.0,95.4726,22.72,0.0,0.0,40.756,0.0,0.0,5.1444,92.8,429.359985352,0.0,60.735,238.528,0.0,2.97795,0.0,63.2,50.0,0.0,14.1,0,79.95
2023-05-03 14:00:00,0.0,0.0,6.8,0.0,0.000458,56.0952,0.0,0,0.0,92.8579,25.57,0.0,0.0,41.6656,0.0,0.0,4.94434,92.0,431.809997559,0.0,64.4826,238.26,0.0,3.14885,0.0,63.0,49.8234,0.0,13.3,0,90.03
2023-05-03 14:05:00,0.0,0.0,6.9,0.0,0.000458,53.7514,0.0,0,0.0,59.0854,31.13,0.0,0.0,41.1328,0.0,0.0,5.08724,85.7,437.75,0.0,97.7528,237.305,0.0,3.11101,0.0,63.1,52.7449,0.0,18.8,0,91.91
2023-05-03 14:10:00,0.0,0.0,6.9,0.0,0.000458,53.5195,0.0,0,0.0,55.6063,37.36,0.0,0.0,41.2513,0.0,0.0,5.08724,76.4,438.859985352,0.0,98.1688,238.651,0.0,3.19402,0.0,63.3,53.9125,0.0,18.7,0,87.88
2023-05-03 14:15:00,0.0,0.0,6.9,0.0,0.000458,45.8473,0.0,0,0.0,50.179,29.86,0.0,0.0,40.908,0.0,0.0,5.08724,69.0,442.600006104,0.0,111.915,237.251,0.0,3.32097,0.0,62.9,53.7492,0.0,23.3,0,86.19
2023-05-03 14:20:00,0.0,0.0,6.9,0.0,0.000458,48.9052,0.0,0,0.0,70.9947,33.1,0.0,0.0,40.4626,0.0,0.0,4.97292,60.3,445.480010986,0.0,111.946,237.492,0.0,3.07927,0.0,63.1,52.6266,0.0,23.5,0,70.3
2023-05-03 14:25:00,0.0,0.0,6.9,0.0,0.000458,47.0741,0.0,0,0.0,109.799,32.33,0.0,0.0,41.3243,0.0,0.0,5.03008,60.7,423.019989014,0.0,112.126,237.637,0.0,3.19402,0.0,63.1,48.83,0.0,23.7,0,65.1
2023-05-03 14:30:00,0.0,0.0,6.9,0.0,0.000458,39.7314,0.0,0,0.0,90.7558,37.66,0.0,0.0,41.201,0.0,0.0,4.97292,62.5,446.010009766,0.0,112.358,237.96,0.0,3.09758,0.0,63.1,49.14,0.0,26.3,0,90.24
2023-05-03 14:35:00,0.0,0.0,6.9,0.0,0.000458,38.2666,0.0,0,0.0,61.3193,46.96,0.0,0.0,40.8702,0.0,0.0,5.08724,61.5,444.480010986,0.0,112.294,237.985,0.0,3.31365,0.0,63.1,49.22,0.0,31.6,0,97.47
2023-05-03 14:40:00,0.0,0.0,6.9,0.0,0.000458,40.4883,0.0,0,0.0,60.9824,53.57,0.0,0.0,40.7046,0.0,0.0,4.88718,60.3,437.579986572,0.0,112.205,237.986,0.0,3.30755,0.0,63.0,53.0267,0.0,26.2,0,97.7
2023-05-03 14:45:00,0.0,0.0,6.9,0.0,0.000458,38.584,0.0,0,0.0,35.0542,54.17,0.0,0.0,40.055,0.0,0.0,4.97292,61.0,437.119995117,0.0,112.632,234.321,0.0,3.31365,0.0,63.1,52.5548,0.0,14.1,0,96.69
2023-05-03 14:50:00,0.0,0.0,6.9,0.0,0.000458,34.6349,0.0,0,0.0,40.9137,49.18,0.0,0.0,40.6695,0.0,0.0,5.03008,63.1,437.760009766,0.0,112.06,235.687,0.0,2.95232,0.0,63.0,48.88,0.0,8.9,0,104.93
2023-05-03 14:55:00,0.0,0.0,6.8,0.0,0.000458,33.7133,0.0,0,0.0,58.309,43.39,0.0,0.0,41.1692,0.0,0.0,5.0015,65.0,438.989990234,0.0,112.235,238.143,0.0,3.20012,0.0,63.0,49.38,0.0,16.7,0,104.62
2023-05-03 15:00:00,0.0,0.0,6.9,0.0,0.000458,37.4182,0.0,0,0.0,59.9496,47.12,0.0,0.0,41.1573,0.0,0.0,5.1444,64.7,443.559997559,0.0,112.358,238.084,0.0,3.17449,0.0,63.1,49.39,0.0,18.9,0,95.15
2023-05-03 15:05:00,0.0,0.0,6.9,0.0,0.000458,41.4221,0.0,0,0.0,55.3573,45.75,0.0,0.0,41.0191,0.0,0.0,4.94434,52.7,446.25,0.0,112.195,238.164,0.0,3.29534,0.0,62.9,49.39,0.0,19.6,0,100.72
2023-05-03 15:10:00,0.0,0.0,6.9,0.0,0.000458,47.4769,0.0,0,0.0,56.6976,50.19,0.0,0.0,41.0383,0.0,0.0,5.08724,58.3,445.980010986,0.0,111.961,237.802,0.0,3.12322,0.0,63.2,49.29,0.0,20.1,0,97.76
2023-05-03 15:15:00,0.0,0.0,6.9,0.0,0.000458,52.9702,0.0,0,0.0,49.5491,52.82,0.0,0.0,40.7185,0.0,0.0,4.94434,80.9,444.739990234,0.0,112.437,238.094,0.0,3.11711,0.0,63.1,49.47,0.0,16.9,0,100.6
2023-05-03 15:20:00,0.0,0.0,6.9,0.0,0.000458,56.1441,0.0,0,0.0,37.0977,45.4,0.0,0.0,40.7087,0.0,0.0,4.34416,83.0,445.290008545,0.0,112.841,223.107,0.0,3.20012,0.0,63.1,51.23,0.0,12.9,0,102.59
2023-05-03 15:25:00,0.0,0.0,6.9,0.0,0.000458,59.6841,0.0,0,0.0,35.4571,40.81,0.0,0.0,40.5639,0.0,0.0,5.03008,87.4,429.589996338,0.0,112.665,224.967,0.0,3.33928,0.0,63.1,46.74,0.0,9.3,0,101.84
2023-05-03 15:30:00,0.0,0.0,6.9,0.0,0.000458,51.4016,0.0,0,0.0,30.8647,32.45,0.0,0.0,41.5405,0.0,0.0,5.0015,87.8,438.959991455,0.0,112.115,236.052,0.0,3.35271,0.0,63.1,51.38,0.0,15.4,0,95.45
2023-05-03 15:35:00,0.0,0.0,6.9,0.0,0.000458,38.7121,0.0,0,0.0,37.6617,30.36,0.0,0.0,40.9016,0.0,0.0,5.20156,83.0,439.579986572,0.0,112.299,237.863,0.0,3.23186,0.0,63.0,50.68,0.0,18.8,0,102.46
2023-05-03 15:40:00,0.0,0.0,6.9,0.0,0.000458,31.3939,0.0,0,0.0,47.74,33.34,0.0,0.0,40.8357,0.0,0.0,4.94434,82.3,445.200012207,0.0,112.176,237.885,0.0,3.18059,0.0,63.3,46.77,0.0,12.6,0,102.01
2023-05-03 15:45:00,0.0,0.0,6.9,0.0,0.000458,27.2496,0.0,0,0.0,62.7549,30.84,0.0,0.0,41.0333,0.0,0.0,5.03008,79.0,443.980010986,0.0,111.932,237.85,0.0,3.12322,0.0,63.1,49.72,0.0,15.9,0,98.67
2023-05-03 15:50:00,0.0,0.0,6.9,0.0,0.000458,19.9802,0.0,0,0.0,190.308,26.8,0.0,0.0,40.7188,0.0,0.0,5.03008,81.1,336.470001221,0.0,112.171,238.163,0.0,2.97795,0.0,63.1,48.29,0.0,16.5,0,95.27
2023-05-03 15:55:00,0.0,0.0,6.9,0.0,0.000458,24.4114,0.0,0,0.0,137.822,24.97,0.0,0.0,40.2564,0.0,0.0,4.77286,80.4,400.269989014,0.0,112.126,238.059,0.0,3.028,0.0,63.0,49.15,0.0,14.2,0,92.58
2023-05-03 16:00:00,0.0,0.0,6.9,0.0,0.000458,26.2669,0.0,0,0.0,194.849,29.45,0.0,0.0,40.7964,0.0,0.0,4.77286,84.1,321.679992676,0.0,112.175,237.91,0.0,3.13665,0.0,63.1,46.81,0.0,19.3,0,95.06
2023-05-03 16:05:00,0.0,0.0,6.8,0.0,0.000458,25.4246,0.0,0,4.66,79.8352,36.6,0.0,0.0,40.4514,0.0,0.0,9.34566,89.6,446.119995117,0.0,112.214,237.973,0.0,14.808,0.0,63.3,44.24,0.0,16.4,0,93.63
2023-05-03 16:10:00,0.0,0.0,6.9,0.0,0.000458,22.8244,0.0,0,6.79,54.4711,38.53,0.0,0.0,42.4241,0.0,0.0,13.0611,92.4,444.940002441,0.0,112.291,238.096,0.0,14.8775,0.0,63.3,44.22,0.0,5.4,0,92.92
2023-05-03 16:15:00,0.0,0.0,6.9,0.0,0.000458,23.1235,0.0,0,30.62,70.255,45.79,0.0,0.0,40.5552,0.0,0.0,12.8324,89.3,412.679992676,0.0,110.96,236.498,0.0,15.0362,0.0,63.0,43.91,0.0,7.3,0,91.25
2023-05-03 16:20:00,0.0,0.0,6.9,0.0,0.000458,20.621,0.0,0,31.51,102.372,46.64,0.0,0.0,40.6529,0.0,0.0,12.9467,87.5,376.25,0.0,112.195,237.726,0.0,14.8836,0.0,63.2,44.28,0.0,3.2,0,87.13
2023-05-03 16:25:00,0.0,0.0,6.8,0.0,0.000458,22.2019,0.0,0,30.71,102.167,44.01,0.0,0.0,40.6501,0.0,0.0,12.9753,77.6,396.480010986,0.0,112.065,237.19,0.0,14.9984,0.0,63.1,43.86,0.0,2.7,0,81.3
2023-05-03 16:30:00,0.0,0.0,6.9,0.0,0.000458,20.6882,0.0,0,30.75,130.314,36.92,0.0,0.0,41.6197,0.0,0.0,12.9753,70.8,370.980010986,0.0,112.125,237.834,0.0,14.985,0.0,63.2,44.14,0.0,22.6,0,80.06
2023-05-03 16:35:00,79.76,0.0,6.9,0.0,0.000458,20.7675,0.0,0,31.08,193.765,32.12,0.0,0.0,76.0814,0.0,0.0,12.9753,71.5,241.940002441,0.0,112.305,238.239,0.0,14.7884,0.0,63.0,43.94,0.0,8.2,0,86.0
2023-05-03 16:40:00,80.09,0.0,6.9,0.0,0.000458,19.9618,0.0,0,31.17,198.006,35.09,0.0,0.0,77.1956,0.0,0.0,12.9753,65.5,219.960006714,0.0,112.061,237.364,0.0,14.8775,0.0,63.1,43.54,0.0,29.7,0,79.54
2023-05-03 16:45:00,80.15,0.0,6.9,0.0,0.000458,20.853,0.0,0,30.95,198.951,33.32,0.0,0.0,76.4665,0.0,0.0,12.9753,53.4,242.839996338,0.0,112.056,237.72,0.0,15.024,0.0,63.1,44.03,0.0,30.8,0,75.29
2023-05-03 16:50:00,80.23,0.0,6.9,0.0,0.000458,21.0422,0.0,0,30.84,105.009,35.73,0.0,2.2,77.2836,0.0,1.15,12.9467,45.6,155.320007324,0.0,111.981,236.835,224.487,14.8141,0.0,63.0,43.83,0.0,9.9,0,74.34
2023-05-03 16:55:00,80.31,0.0,6.9,76.9289,0.000458,23.1601,0.0,0,31.17,47.8865,35.25,0.0,4.8,76.8436,0.0,76.62,13.0039,40.9,86.7799987793,0.0,112.091,237.925,215.947,14.8519,0.0,63.1,43.97,4.73,5.72002,0,75.85
2023-05-03 17:00:00,79.83,0.0,6.9,81.5991,0.000458,24.6433,0.0,0,32.12,98.696,29.17,0.0,4.8,66.4707,0.0,75.28,13.2611,39.3,0.0,0.0,113.098,236.843,200.464,15.1754,0.0,63.2,44.0597,70.9,4.98002,0,83.47
2023-05-03 17:05:00,80.42,0.0,6.9,93.0352,0.000458,23.6179,0.0,0,44.7,99.0156,27.61,0.0,4.7,66.7682,0.0,74.3,13.0896,40.6,0.0,0.0,112.847,235.625,199.006,32.13,0.0,63.0,57.6199,83.41,70.9,0,88.93
2023-05-03 17:10:00,80.42,0.0,6.9,92.8556,0.000458,23.9963,0.0,0,45.37,259.869,25.81,0.0,4.7,105.127,0.0,78.52,13.0611,38.1,0.0,0.0,112.27,237.104,201.312,32.2387,0.0,63.3,57.8459,84.94,100.16,0,83.77
2023-05-03 17:15:00,80.41,3.59462,6.9,92.9754,0.000458,24.7044,0.0,0,45.62,256.352,37.78,0.0,28.6,122.619,0.0,79.97,13.0896,37.0,0.0,0.0,112.181,238.391,226.28,32.1239,0.0,63.0,57.7682,88.35,104.01,0,81.57
2023-05-03 17:20:00,80.54,23.3846,6.8,93.3346,0.000458,26.1509,0.0,0,45.58,249.24,44.11,0.0,53.3,122.154,0.0,79.98,13.0896,35.8,0.0,0.0,112.25,238.5,228.661,31.9396,0.0,63.0,57.9233,87.74,106.81,0,84.02
2023-05-03 17:25:00,80.62,29.8119,6.8,93.3945,0.000458,24.9058,0.0,0,45.49,258.642,36.95,0.0,53.9109,122.212,0.0,80.12,13.1182,32.1,0.0,0.0,112.195,238.257,228.771,32.2325,0.0,63.0,57.8181,88.1,109.31,0,82.8
2023-05-03 17:30:00,80.55,30.0268,6.9,93.5143,0.000458,24.387,0.0,0,45.57,262.051,37.77,0.0,53.928,122.347,0.0,80.17,13.0896,29.3,0.0,0.0,112.358,238.281,228.724,31.87,0.0,63.1,57.9368,87.76,108.77,0,89.78
2023-05-03 17:35:00,80.54,56.8498,6.9,93.0951,0.000458,22.9404,0.0,0,45.57,244.015,41.53,0.0,80.637,142.963,0.0,79.86,17.7482,31.0,0.0,0.0,112.479,239.021,226.234,32.0092,0.0,63.2,58.0632,86.74,107.74,0,84.77
2023-05-03 17:40:00,81.06,57.8656,6.9,93.9334,0.000458,22.5193,0.0,0,45.36,208.248,32.07,0.0,83.43,145.178,0.0,80.26,22.6068,29.5,0.0,0.0,112.125,238.08,226.849,31.7491,0.0,63.1,74.7566,87.48,108.34,0,78.16
2023-05-03 17:45:00,80.26,57.8461,6.8,93.4544,0.000458,19.4919,0.0,0,45.37,203.809,27.14,0.0,82.1093,144.279,0.0,80.09,27.6654,29.9,0.0,0.0,111.902,237.809,226.688,31.8322,0.0,63.0,74.9262,87.31,108.02,0,81.33
2023-05-03 17:50:00,80.3,57.8852,6.8,93.634,0.000458,20.737,0.0,0,45.52,231.518,20.84,0.0,81.7938,144.445,0.0,80.09,29.8947,29.5,0.0,0.0,112.255,238.476,225.907,31.87,0.0,63.0,75.1068,87.13,107.78,0,74.99
2023-05-03 17:55:00,80.63,57.7875,6.9,93.0951,0.000458,24.3748,0.0,0,45.49,256.836,16.98,0.0,81.9984,144.844,0.0,80.25,30.0376,32.0,0.0,0.0,112.145,238.311,227.143,31.6539,0.0,63.2,77.8389,87.3,108.28,0,77.29
2023-05-03 18:00:00,80.72,57.9242,6.9,93.2747,0.000458,18.2834,0.0,0,45.46,254.868,12.67,0.0,81.9755,145.199,0.0,80.13,29.8661,29.6,0.0,0.0,112.408,238.354,227.387,31.8956,0.0,63.1,78.2146,87.88,108.45,0,73.67
2023-05-03 18:05:00,79.84,57.7875,6.9,83.575,0.000458,15.8419,0.0,0,45.5,280.095,27.71,0.0,73.0136,144.034,0.0,79.81,29.8089,27.9,0.0,0.0,112.21,238.603,225.282,31.7369,0.0,63.2,77.7453,86.89,107.53,0,75.68
2023-05-03 18:10:00,80.52,57.9633,6.9,80.9405,0.000458,15.0057,0.0,0,45.4,263.926,19.58,0.0,53.4957,145.066,0.0,80.09,29.9518,26.9,0.0,0.0,112.204,238.3,227.523,31.7308,0.0,63.2,77.9376,85.83,108.43,0,79.61
2023-05-03 18:15:00,80.34,57.9242,6.9,80.3418,0.000458,15.433,0.0,0,45.46,263.601,16.56,0.0,54.1,144.74,0.0,80.03,29.9518,23.1,0.0,0.0,112.378,238.345,226.757,31.6857,0.0,62.9,78.0841,87.57,108.15,0,78.01
2023-05-03 18:20:00,80.07,57.9047,6.9,79.0245,0.000458,12.4056,0.0,0,45.46,261.748,21.81,0.0,54.2,144.198,0.0,80.09,30.0662,25.8,0.0,0.0,112.26,237.598,225.985,31.4061,0.0,63.1,77.7595,87.39,107.6,0,67.69
2023-05-03 18:25:00,80.23,57.9438,6.9,79.743,0.000458,11.9417,0.0,0,45.44,262.89,27.54,0.0,54.2,144.517,0.0,80.01,30.0376,27.7,0.0,0.0,112.046,238.314,226.678,31.6161,0.0,63.0,77.8582,87.42,108.29,0,65.26
2023-05-03 18:30:00,80.74,57.9047,6.9,80.0424,0.000458,10.8736,0.0,0,45.62,265.26,32.62,0.0,54.1,145.45,0.0,80.09,30.1519,28.9,0.0,0.0,112.478,237.335,228.125,31.4952,0.0,63.1,78.3387,87.68,108.72,0,65.85
2023-05-03 18:35:00,80.65,57.8852,6.9,81.1201,0.000458,11.1055,0.0,0,45.48,265.062,30.58,0.0,54.0,145.963,0.0,79.98,30.0376,28.8,0.0,0.0,112.24,238.32,228.287,31.5526,0.0,63.1,78.4091,87.96,101.04,0,56.57
2023-05-03 18:40:00,79.96,57.807,6.8,79.0844,0.000458,10.9285,0.0,0,45.46,267.954,38.44,0.0,54.1,144.207,0.0,79.94,30.0662,27.0,0.0,0.0,111.976,238.122,226.563,31.2731,0.0,63.0,77.887,87.12,95.39,0,53.57
2023-05-03 18:45:00,79.79,57.807,6.9,77.348,0.000458,11.899,0.0,0,45.46,267.368,40.65,0.0,54.1,143.922,0.0,79.82,30.0376,26.3,0.0,0.0,112.408,232.805,226.472,31.1778,0.0,63.0,77.7457,87.04,95.16,0,57.47
2023-05-03 18:50:00,80.21,57.9438,6.9,79.0245,0.000458,14.2001,0.0,0,45.52,269.048,37.76,0.0,54.1,144.44,0.0,80.13,29.8661,28.8,0.0,0.0,112.234,234.16,226.287,31.1778,0.0,63.0,77.7828,87.52,95.76,0,55.2
2023-05-03 18:55:00,80.46,57.807,6.9,76.8091,0.000458,16.8612,0.0,0,45.44,269.246,41.6,0.0,54.1,144.431,0.0,79.69,30.0947,31.0,0.0,0.0,112.433,231.323,226.414,31.3939,0.0,63.1,78.0514,87.63,95.89,0,55.25
2023-05-03 19:00:00,80.45,57.8656,6.8,76.4499,0.000458,15.6771,0.0,0,45.46,270.83,41.15,0.0,54.1,144.844,0.0,79.42,30.0947,32.5,0.0,0.0,112.656,226.89,227.164,31.2926,0.0,63.1,77.9053,87.76,96.67,0,52.22
2023-05-03 19:05:00,80.31,57.9242,6.9,75.432,0.000458,12.7718,0.0,0,45.44,268.33,48.6,0.0,54.1,143.982,0.0,78.32,30.009,39.5,0.0,0.0,112.805,223.349,225.618,31.2218,0.0,63.0,77.9853,87.13,95.62,0,53.34
2023-05-03 19:10:00,80.39,57.9633,6.8,73.995,0.000458,19.3698,0.0,0,45.37,270.684,48.83,0.0,54.0,144.347,0.0,78.2,29.8375,46.4,0.0,0.0,112.635,219.641,226.588,31.1778,0.0,63.1,77.7712,79.1,96.31,0,49.15
2023-05-03 19:15:00,80.73,57.8656,6.8,87.2274,0.000458,18.1125,0.0,0,45.42,215.087,38.78,0.0,78.3237,145.511,0.0,80.04,29.6946,47.9,0.0,0.0,112.407,222.347,228.016,30.8482,0.0,63.0,80.2839,80.31,92.43,0,45.61
2023-05-03 19:20:00,80.44,57.7875,6.9,92.0772,0.000458,18.204,0.0,0,45.44,229.62,28.33,0.0,79.277,145.579,0.0,79.88,29.9518,54.2,0.0,0.0,112.363,223.376,228.261,31.3048,0.0,63.2,80.1229,82.44,97.51,0,41.22
2023-05-03 19:25:00,80.56,57.9242,6.9,92.2569,0.000458,20.6455,0.0,0,45.37,235.663,21.33,0.0,78.8708,145.2,0.0,80.25,29.9804,54.6,0.0,0.0,112.66,223.462,228.707,30.9813,0.0,63.1,80.0841,81.41,96.58,0,37.77
2023-05-03 19:30:00,80.61,57.7875,6.9,89.5026,0.000458,22.2873,0.0,0,45.36,233.626,18.94,0.0,78.4887,144.907,0.0,80.13,29.8089,50.6,0.0,0.0,112.69,222.163,227.985,31.2535,0.0,63.1,80.1097,83.57,95.55,0,36.51
2023-05-03 19:35:00,80.58,57.8656,6.9,88.4847,0.000458,19.9374,0.0,0,45.43,239.28,13.25,0.0,80.8981,145.091,0.0,80.13,29.8375,49.0,0.0,0.0,112.581,218.701,228.181,30.8922,0.0,63.1,79.9475,80.96,96.65,0,35.1
2023-05-03 19:40:00,80.57,57.807,6.9,92.5563,0.000458,14.5479,0.0,0,45.44,252.911,8.42,0.0,81.2412,146.238,0.0,80.13,29.8375,51.5,0.0,0.0,112.258,225.977,228.49,31.1339,0.0,63.0,79.981,83.86,96.65,0,31.71
2023-05-03 19:45:00,80.65,57.8461,6.9,92.9754,0.000458,13.6324,0.0,0,45.42,258.824,4.91,0.0,80.9747,146.201,0.0,80.02,29.9233,54.4,0.0,0.0,112.055,232.388,228.597,30.8226,0.0,62.9,79.9543,83.81,97.28,0,29.28
2023-05-03 19:50:00,80.47,57.9242,6.9,93.3346,0.000458,15.8053,0.0,0,45.43,245.529,5.91,0.0,80.17,145.362,0.0,79.99,29.9518,55.7,0.0,0.0,112.309,231.982,228.738,31.3048,0.0,63.1,79.9409,83.3,103.14,0,30.93
2023-05-03 19:55:00,80.59,57.8656,6.8,93.2747,0.000458,14.0475,0.0,0,45.4,239.096,7.33,0.0,80.3055,145.833,0.0,79.88,30.1519,50.4,0.0,0.0,112.432,232.271,228.638,30.9435,0.0,63.1,79.9678,83.57,103.64,0,28.65
2023-05-03 20:00:00,80.68,57.8852,6.9,92.4964,0.000458,16.0861,0.0,0,45.36,241.191,7.0,0.0,80.7969,145.798,0.0,80.18,29.8947,48.3,0.0,0.0,112.18,235.781,228.521,30.8983,0.0,63.2,79.9414,83.68,103.15,0,24.95
2023-05-03 20:05:00,80.33,57.8852,6.9,93.3945,0.000458,14.1817,0.0,0,45.42,253.989,6.54,0.0,80.6848,128.215,0.0,80.05,29.9233,49.8,0.0,0.0,112.205,238.206,227.259,30.9752,0.0,63.1,79.8204,83.17,102.96,0,25.13
2023-05-03 20:10:00,80.26,57.807,6.9,93.5143,0.000458,13.4066,0.0,0,45.46,241.316,4.43,0.0,80.6482,143.112,0.0,80.18,29.8089,50.0,0.0,0.0,112.176,237.357,227.018,30.8348,0.0,63.0,79.7342,82.52,102.93,0,25.76
2023-05-03 20:15:00,80.33,57.807,6.9,91.8378,0.000458,11.7647,0.0,0,45.4,254.323,3.44,0.0,79.3202,145.774,0.0,79.99,30.009,48.4,0.0,0.0,112.493,229.013,227.957,31.057,0.0,63.0,79.6365,83.79,103.5,0,23.71
2023-05-03 20:20:00,80.4,57.8266,6.9,92.3167,0.000458,11.252,0.0,0,45.37,253.502,4.15,0.0,79.5482,144.606,0.0,80.1,30.0662,44.3,0.0,0.0,112.477,229.937,227.894,30.8544,0.0,62.9,79.6484,81.57,103.1,0,20.02
2023-05-03 20:25:00,80.47,57.8656,6.9,92.7958,0.000458,10.4036,0.0,0,45.4,245.73,4.46,0.0,79.0405,145.438,0.0,80.08,29.8089,48.0,0.0,0.0,112.447,227.548,228.202,30.8092,0.0,63.0,79.6981,82.65,103.77,0,22.42
2023-05-03 20:30:00,80.57,57.8461,6.9,92.676,0.000458,8.35279,0.0,0,45.44,240.258,3.99,0.0,79.5432,145.167,0.0,79.97,30.1805,51.2,0.0,0.0,112.492,229.563,228.368,30.9935,0.0,63.0,79.6529,83.75,103.6,0,22.63
2023-05-03 20:35:00,80.3,57.8266,6.8,91.4785,0.000458,6.58274,0.0,0,45.46,246.986,2.82,0.0,80.8249,144.938,0.0,80.17,29.7804,47.5,0.0,0.0,112.393,230.089,227.64,30.8605,0.0,63.1,78.4883,82.17,103.4,0,23.99
2023-05-03 20:40:00,80.57,57.8852,6.9,93.8136,0.000458,5.39254,0.0,0,45.37,249.88,2.28,0.0,79.8568,145.249,0.0,80.16,29.6946,45.9,0.0,0.0,112.543,228.911,228.147,30.5931,0.0,63.0,78.312,81.99,103.59,0,26.4
2023-05-03 20:45:00,80.48,57.9047,6.8,91.4785,0.000458,6.82689,0.0,0,45.44,236.596,2.11,0.0,79.6323,144.686,0.0,80.04,29.8089,46.5,0.0,0.0,112.621,227.871,227.496,30.7774,0.0,63.1,78.244,83.49,103.39,0,26.24
2023-05-03 20:50:00,80.42,57.9242,6.9,90.4606,0.000458,8.13306,0.0,0,45.36,221.221,1.99,0.0,78.6934,144.727,0.0,80.22,29.9804,44.2,0.0,0.0,112.492,225.19,227.745,31.0253,0.0,63.2,78.1707,81.85,103.4,0,23.26
2023-05-03 20:55:00,80.39,57.9047,6.8,89.0835,0.000458,10.544,0.0,0,45.46,222.623,1.14,0.0,78.7031,145.061,0.0,79.96,29.6946,44.2,0.0,0.0,112.587,222.987,228.09,30.5614,0.0,63.1,78.1607,83.75,103.49,0,20.71
2023-05-03 21:00:00,80.63,57.9438,6.9,91.4186,0.000458,12.5521,0.0,0,45.44,218.21,1.79,0.0,78.0564,144.97,0.0,80.15,30.0947,39.6,0.0,0.0,112.78,220.936,227.957,30.7079,0.0,63.1,78.3187,81.2,103.51,0,21.92
2023-05-03 21:05:00,80.48,57.8852,6.9,80.701,0.000458,13.4005,0.0,0,45.44,290.132,1.95,0.0,70.9996,128.712,0.0,80.05,12.7753,39.7,0.0,0.0,112.571,222.08,228.372,2.95842,0.0,62.9,78.3909,76.64,98.44,0,20.53
2023-05-03 21:10:00,80.68,57.8656,6.9,78.2461,0.000458,8.48096,0.0,0,45.37,301.533,1.12,0.0,66.9638,127.547,0.0,80.09,12.8038,38.9,0.0,0.0,112.492,224.729,228.383,2.24063,0.0,63.1,78.3962,73.33,96.65,0,22.08
2023-05-03 21:15:00,80.59,57.8266,6.8,78.1264,0.000458,3.36614,0.0,0,45.41,298.516,1.08,0.0,78.8693,128.872,0.0,79.92,12.8038,42.3,0.0,0.0,112.347,226.463,228.201,2.215,0.0,63.1,78.1887,71.41,96.37,0,23.23
2023-05-03 21:20:00,80.52,57.7679,6.8,75.6116,0.000458,1.38857,0.0,0,45.39,297.805,2.4,0.0,71.714,127.671,0.0,80.03,12.8896,45.0,0.0,0.0,112.338,222.901,227.707,2.215,0.0,63.1,77.9672,70.52,96.78,0,28.62
2023-05-03 21:25:00,80.61,57.8266,6.9,77.9467,0.000458,1.15053,0.0,0,45.35,299.767,3.8,0.0,69.1074,128.351,0.0,80.16,13.0611,40.3,0.0,0.0,112.387,227.571,228.394,2.30411,0.0,63.1,77.8762,71.32,96.28,0,26.7
2023-05-03 21:30:00,80.77,57.7875,6.9,77.4678,0.000458,0.45472,0.0,0,45.37,299.548,4.27,0.0,67.5319,128.133,0.0,80.23,13.0325,36.2,0.0,0.0,112.413,228.62,228.572,2.19669,0.0,63.0,77.9404,71.65,96.64,0,20.26
2023-05-03 21:35:00,80.19,20.2393,6.9,75.1925,0.000458,0.0,0.0,0,45.37,279.724,6.11,0.0,54.0265,127.581,0.0,78.55,13.0325,34.0,0.0,0.0,112.835,223.249,227.364,2.32364,0.0,63.1,77.8977,71.1,96.16,0,19.81
2023-05-03 21:40:00,80.68,0.0,6.8,76.0307,0.000458,0.0,0.0,0,45.41,281.056,6.55,0.0,53.7097,127.718,0.0,78.6,13.0896,28.4,0.0,0.0,112.616,223.732,227.663,2.18326,0.0,63.2,77.993,71.62,96.6,0,20.52
2023-05-03 21:45:00,80.65,0.0,6.9,77.348,0.000458,0.0,0.0,0,45.37,284.474,6.56,0.0,52.5595,128.724,0.0,79.71,13.0611,25.5,0.0,0.0,112.277,226.196,228.29,2.14542,0.0,63.1,77.7603,72.46,97.58,0,27.18
2023-05-03 21:50:00,80.28,0.0,6.9,76.869,0.000458,0.0,0.0,0,45.39,281.795,6.85,0.0,52.1171,128.028,0.0,79.92,13.0611,24.4,0.0,0.0,112.477,225.622,228.465,2.37369,0.0,63.0,77.8682,71.77,97.01,0,30.94
2023-05-03 21:55:00,80.78,0.0,6.9,76.9289,0.000458,0.0,0.0,0,45.39,283.947,6.57,0.0,51.6627,128.565,0.0,80.17,13.1468,24.5,0.0,0.0,112.239,228.264,228.776,2.10758,0.0,63.1,77.9127,72.27,96.93,0,21.45
2023-05-03 22:00:00,80.62,0.0,6.9,78.7251,0.000458,0.0,0.0,0,45.4,283.767,4.82,0.0,53.4,128.57,0.0,80.15,13.1468,21.5,0.0,0.0,112.418,230.289,228.431,2.19058,0.0,63.0,78.0527,72.24,96.62,0,14.4
2023-05-03 22:05:00,80.41,0.0,6.8,78.8449,0.000458,0.0,0.0,0,45.31,289.731,3.95,0.0,49.2,118.057,0.0,79.76,13.0896,19.3,0.0,0.0,112.244,231.178,228.144,2.19058,0.0,63.1,77.8355,71.87,96.97,0,14.67
2023-05-03 22:10:00,80.57,0.0,6.9,78.6054,0.000458,0.0,0.0,0,45.44,290.445,4.08,0.0,47.0,118.321,0.0,80.09,13.2325,17.1,0.0,0.0,112.507,231.452,228.863,2.24063,0.0,63.1,77.8583,72.02,97.33,0,17.91
2023-05-03 22:15:00,80.18,0.0,6.9,78.1264,0.000458,0.0,0.0,0,45.36,288.351,2.69,0.0,46.1,117.732,0.0,80.11,13.204,17.6,0.0,0.0,112.398,231.797,228.144,2.215,0.0,62.9,77.854,71.39,96.27,0,20.47
2023-05-03 22:20:00,80.59,0.0,6.9,78.5455,0.000458,0.0,0.0,0,45.35,291.096,2.19,0.0,45.7,118.386,0.0,79.92,12.9753,19.8,0.0,0.0,112.179,231.469,228.324,1.97452,0.0,63.2,77.9087,72.31,96.85,0,19.6
2023-05-03 22:25:00,80.45,0.0,6.9,78.0665,0.000458,0.0,0.0,0,45.36,288.479,1.63,0.0,45.3,117.861,0.0,79.8,13.0896,25.5,0.0,0.0,112.424,229.946,227.784,2.24063,0.0,63.1,77.89,71.62,96.22,0,18.63
2023-05-03 22:30:00,80.46,0.0,6.9,77.4678,0.000458,0.0,0.0,0,45.36,290.452,2.13,0.0,45.7,118.225,0.0,79.84,13.0896,23.8,0.0,0.0,112.338,230.293,228.338,2.2089,0.0,63.1,77.7623,72.05,96.41,0,16.9
2023-05-03 22:35:00,80.46,0.0,6.9,78.4856,0.000458,0.0,0.0,0,45.35,272.583,2.05,0.0,46.5,112.172,0.0,80.04,13.1182,24.7,0.0,0.0,112.339,233.505,227.921,2.22843,0.0,63.1,77.72,71.28,95.65,0,16.17
2023-05-03 22:40:00,80.13,0.0,6.9,76.5098,0.000458,0.0,0.0,0,45.23,268.952,2.44,0.0,45.3,111.206,0.0,79.84,13.0896,25.9,0.0,0.0,112.433,226.545,227.075,2.08804,0.0,63.1,77.6107,71.51,95.64,0,20.85
2023-05-03 22:45:00,80.02,0.0,6.9,75.6715,0.000458,0.63172,0.0,0,45.28,253.485,1.77,0.0,44.6,111.688,0.0,80.0,13.0896,27.9,0.0,0.0,112.671,225.118,227.328,2.25406,0.0,63.1,77.5905,71.43,95.28,0,24.31
2023-05-03 22:50:00,80.43,0.0,6.9,76.0906,0.000458,0.68666,0.0,0,45.35,103.572,1.12,0.0,45.3,111.513,0.0,80.05,13.0325,26.6,0.0,0.0,112.467,225.049,227.471,2.23453,0.0,62.9,77.8691,71.28,96.37,0,20.72
2023-05-03 22:55:00,80.52,0.0,6.8,80.3418,0.000458,0.52796,0.0,0,45.35,110.103,0.19,0.0,46.3,113.077,0.0,79.87,12.9467,22.3,0.0,0.0,111.92,232.349,228.393,2.2858,0.0,63.1,78.1652,72.63,98.29,0,18.59
2023-05-03 23:00:00,80.35,0.0,6.9,81.5991,0.000458,0.00305,0.0,0,45.37,146.836,0.0,0.0,46.3,112.71,0.0,80.07,12.9467,22.7,0.0,0.0,112.359,236.116,228.511,2.2858,0.0,63.0,78.1696,73.08,96.1,0,18.32
2023-05-03 23:05:00,80.62,0.0,6.9,80.0424,0.000458,0.0,0.0,0,45.39,259.042,0.0,0.0,46.3,113.251,0.0,80.17,5.4302,23.8,0.0,0.0,112.13,235.168,228.501,2.13321,0.0,63.1,28.2904,72.95,97.25,0,16.43
2023-05-03 23:10:00,80.62,0.0,6.8,80.1621,0.000458,0.0,0.0,0,45.33,294.438,0.0,0.0,46.3,112.244,0.0,79.74,5.05866,21.8,0.0,0.0,112.289,237.503,228.457,2.22232,0.0,63.0,24.0139,72.42,96.33,0,18.38
2023-05-03 23:15:00,80.27,0.0,6.8,79.6831,0.000458,0.00305,0.0,0,45.37,296.446,0.0,0.0,47.1,111.708,0.0,79.92,5.0015,20.0,0.0,0.0,112.418,238.226,227.684,1.99283,0.0,63.1,21.82,71.51,96.36,0,18.04
2023-05-03 23:20:00,80.46,0.0,6.9,80.1022,0.000458,0.0,0.0,0,45.28,251.03,0.0,0.0,46.8,112.496,0.0,79.79,5.08724,19.0,0.0,0.0,112.175,236.914,228.492,2.27848,0.0,63.1,22.18,72.29,97.3,0,16.49
2023-05-03 23:25:00,80.4,0.0,6.9,80.2819,0.000458,0.0,0.0,0,45.37,298.933,0.0,0.0,46.7,112.596,0.0,79.73,5.03008,19.1,0.0,0.0,112.116,236.963,228.592,2.11368,0.0,63.2,22.05,72.14,96.94,0,15.95
2023-05-03 23:30:00,80.4,0.0,6.9,80.2819,0.000458,0.0,0.0,0,45.23,287.11,0.0,0.0,47.0,112.212,0.0,79.92,5.20156,13.8,0.0,0.0,112.314,237.912,228.178,2.23453,0.0,63.1,21.98,71.93,96.27,0,16.4
2023-05-03 23:35:00,80.24,0.0,6.8,79.9226,0.000458,0.21057,0.0,0,45.3,295.188,0.0,0.0,46.9,111.664,0.0,80.05,5.08724,12.0,0.0,0.0,112.036,237.859,227.791,2.20279,0.0,62.9,21.93,71.29,95.59,0,16.21
2023-05-03 23:40:00,80.56,0.0,6.9,81.8386,0.000458,0.0,0.0,0,45.27,299.687,0.0,0.0,47.3,112.836,0.0,79.89,4.94434,10.2,0.0,0.0,112.056,238.211,228.414,2.27237,0.0,63.1,22.14,72.88,97.54,0,13.21
2023-05-03 23:45:00,80.51,0.0,6.9,81.7787,0.000458,0.0,0.0,0,45.28,296.447,0.0,0.0,47.7,112.386,0.0,79.82,5.08724,12.4,0.0,0.0,112.076,238.206,228.281,2.19058,0.0,63.1,21.74,73.49,97.26,0,10.88
2023-05-03 23:50:00,80.43,0.0,6.9,79.9226,0.000458,0.0,0.0,0,45.27,295.901,0.0,0.0,46.9,111.681,0.0,79.74,5.03008,14.1,0.0,0.0,112.185,238.434,228.267,2.24674,0.0,63.1,22.08,71.84,96.8,0,9.68
2023-05-03 23:55:00,80.3,0.0,6.8,79.9226,0.000458,0.0,0.0,0,45.24,296.856,0.0,0.0,47.1,111.671,0.0,79.93,4.77286,16.4,0.0,0.0,112.14,238.414,228.108,2.24063,0.0,63.1,22.14,71.83,96.05,0,9.32
2023-05-04 00:00:00,80.25,0.0,6.8,79.9226,0.000458,0.0,0.0,0,34.98,296.326,0.0,0.0,47.1,111.381,0.0,79.92,5.11582,18.5,0.0,0.0,112.061,238.414,227.079,2.31754,0.0,63.0,22.17,71.07,96.29,0,8.41
2023-05-04 00:05:00,80.05,0.0,6.9,79.9226,0.000458,0.0,0.0,0,31.24,297.838,0.0,0.0,47.0,111.478,0.0,79.68,5.08724,13.9,0.0,0.0,112.13,238.075,227.42,2.13321,0.0,63.1,22.22,71.48,96.39,0,7.14
2023-05-04 00:10:00,80.58,0.0,6.9,80.3418,0.000458,0.0,0.0,0,31.29,302.301,0.0,0.0,46.8,112.779,0.0,79.89,4.94434,8.5,0.0,0.0,112.214,238.189,228.407,2.18326,0.0,63.1,22.25,72.37,96.92,0,7.02
2023-05-04 00:15:00,80.77,0.0,6.8,80.8207,0.000458,0.46693,0.0,0,31.07,313.558,0.0,0.0,47.0,112.143,0.0,80.09,5.11582,6.0,0.0,0.0,112.11,238.533,228.388,2.17105,0.0,63.0,21.9,72.13,96.69,0,6.61
2023-05-04 00:20:00,80.44,0.0,6.8,81.7189,0.000458,0.0,0.0,0,31.91,314.982,0.0,0.0,47.0,112.617,0.0,79.89,5.08724,5.8,0.0,0.0,112.324,238.252,228.203,2.01846,0.0,63.1,22.33,72.56,96.96,0,6.72
2023-05-04 00:25:00,80.7,0.0,6.8,79.9825,0.000458,1.93179,0.0,0,31.51,311.661,0.0,0.0,47.0,111.578,0.0,80.03,5.03008,6.7,0.0,0.0,112.224,238.409,227.899,2.34928,0.0,63.1,22.39,71.92,96.04,0,7.01
2023-05-04 00:30:00,80.67,0.0,6.9,79.8627,0.000458,2.33463,0.0,0,31.48,314.078,0.0,0.0,47.1,111.674,0.0,80.02,4.97292,7.3,0.0,0.0,112.487,238.713,227.942,2.10758,0.0,62.9,22.31,72.01,96.37,0,7.49
2023-05-04 00:35:00,80.56,0.0,6.9,80.8806,0.000458,3.26848,0.0,0,31.04,313.661,0.0,0.0,47.1,111.904,0.0,79.92,5.05866,7.5,0.0,0.0,112.15,238.306,228.322,2.25406,0.0,63.0,22.03,72.0,96.28,0,7.57
2023-05-04 00:40:00,80.66,0.0,6.8,80.4016,0.000458,5.5024,0.0,0,31.08,312.816,0.0,0.0,47.1,111.826,0.0,79.76,4.68712,6.8,0.0,0.0,112.12,238.172,227.732,2.2858,0.0,63.1,21.97,71.56,96.14,0,6.1
2023-05-04 00:45:00,80.23,0.0,6.8,79.6233,0.000458,7.1809,0.0,0,30.96,312.258,0.0,0.0,47.1,111.577,0.0,79.78,5.05866,8.0,0.0,0.0,112.26,238.366,227.209,2.0502,0.0,63.2,22.04,71.48,96.35,0,6.7
2023-05-04 00:50:00,80.02,0.0,6.9,78.8449,0.000458,7.49828,0.0,0,30.96,310.64,0.0,0.0,47.1,110.939,0.0,79.8,5.20156,8.0,0.0,0.0,112.275,238.217,225.879,2.50797,0.0,62.9,21.95,70.74,95.75,0,6.81
2023-05-04 00:55:00,80.43,0.0,6.9,80.3418,0.000458,8.89601,0.0,0,30.87,313.742,0.0,0.0,46.8,111.766,0.0,79.8,4.94434,7.9,0.0,0.0,112.17,237.453,227.132,2.17716,0.0,63.0,21.99,71.9,96.6,0,7.52
2023-05-04 01:00:00,80.48,0.0,6.9,79.9825,0.000458,7.88281,0.0,0,30.89,312.404,0.0,0.0,46.9,111.65,0.0,79.91,4.97292,7.2,0.0,0.0,112.22,238.479,226.562,2.10147,0.0,63.1,22.04,71.44,96.13,0,7.92
2023-05-04 01:05:00,80.47,0.0,6.8,80.2819,0.000458,6.12497,0.0,0,30.9,312.45,0.0,0.0,46.9,98.5129,0.0,79.89,4.94434,6.0,0.0,0.0,112.116,238.082,226.425,2.19669,0.0,63.0,22.01,71.56,96.05,0,8.02
2023-05-04 01:10:00,80.22,0.0,6.9,77.5276,0.000458,5.28878,0.0,0,30.82,311.057,0.0,0.0,45.9,96.6954,0.0,79.79,5.0015,4.8,0.0,0.0,112.478,231.778,225.905,2.24063,0.0,63.1,22.0,71.43,95.96,0,7.36
2023-05-04 01:15:00,80.24,0.0,6.8,75.911,0.000458,5.18502,0.0,0,30.84,311.767,0.0,0.0,45.1,96.3621,0.0,79.71,4.91576,3.9,0.0,0.0,112.379,226.124,226.234,2.06363,0.0,63.2,21.99,71.67,96.33,0,8.02
2023-05-04 01:20:00,80.54,0.0,6.9,77.1684,0.000458,5.07515,0.0,0,30.95,272.204,0.0,0.0,45.5,96.8591,0.0,79.87,4.88718,4.2,0.0,0.0,112.667,226.018,226.854,2.24674,0.0,63.1,22.01,71.73,96.42,0,8.28
2023-05-04 01:25:00,80.69,0.0,6.9,78.7251,0.000458,4.53193,0.0,0,30.91,276.564,0.0,0.0,45.5,97.9003,0.0,79.8,5.05866,3.8,0.0,0.0,112.159,232.968,228.3,2.10147,0.0,63.2,22.13,72.59,97.23,0,7.77
2023-05-04 01:30:00,80.56,0.0,6.9,78.5455,0.000458,4.61738,0.0,0,30.9,297.304,0.0,0.0,45.5,96.7821,0.0,79.76,5.0015,2.8,0.0,0.0,112.284,231.354,228.083,2.23453,0.0,63.0,22.1,71.66,96.17,0,8.12
2023-05-04 01:35:00,80.78,0.0,6.9,76.869,0.000458,3.4638,0.0,0,30.93,281.898,0.0,0.0,45.3,96.9789,0.0,79.88,4.8586,2.2,0.0,0.0,112.551,227.348,227.916,2.09537,0.0,63.0,22.16,71.81,96.48,0,7.3
2023-05-04 01:40:00,80.17,0.0,6.8,76.7493,0.000458,1.9501,0.0,0,30.92,216.341,0.0,0.0,45.5,96.3824,0.0,79.79,4.91576,3.5,0.0,0.0,112.591,228.859,226.854,2.18326,0.0,63.0,22.04,71.27,96.05,0,7.31
2023-05-04 01:45:00,80.47,0.0,6.9,77.4079,0.000458,2.41398,0.0,0,30.85,105.801,0.0,0.0,45.4,96.984,0.0,79.77,4.68712,3.4,0.0,0.0,112.338,226.102,228.001,2.15152,0.0,63.1,22.12,71.75,96.47,0,7.58
2023-05-04 01:50:00,80.32,0.0,6.8,77.6474,0.000458,4.32441,0.0,0,30.9,105.387,0.0,0.0,45.1,97.0775,0.0,79.77,4.97292,5.4,0.0,0.0,112.398,228.448,228.129,2.19669,0.0,63.0,22.14,71.78,96.49,0,8.72
2023-05-04 01:55:00,80.58,0.0,6.9,78.4856,0.000458,4.09857,0.0,0,30.89,106.195,0.0,0.0,46.1,97.087,0.0,79.86,5.17298,5.8,0.0,0.0,112.328,230.907,228.456,2.13321,0.0,63.1,22.19,71.79,96.42,0,8.68
2023-05-04 02:00:00,80.32,0.0,6.9,78.2461,0.000458,4.71504,0.0,0,30.97,56.0424,0.0,0.0,45.8,97.1979,0.0,79.71,5.0015,5.6,0.0,0.0,112.458,230.682,228.233,2.19669,0.0,63.1,22.22,71.98,66.86,0,8.35
2023-05-04 02:05:00,80.66,0.0,6.8,78.0066,0.000458,5.13008,0.0,0,30.9,105.478,0.0,0.0,45.6,95.1054,0.0,79.94,4.83002,4.8,0.0,0.0,112.457,230.675,228.45,2.22843,0.0,63.0,21.81,71.67,99.24,0,8.41
2023-05-04 02:10:00,80.4,0.0,6.9,78.0066,0.000458,7.80346,0.0,0,30.95,104.245,0.0,0.0,46.4,97.0463,0.0,79.63,5.03008,3.0,0.0,0.0,112.408,231.436,227.715,2.37369,0.0,63.0,21.82,71.54,96.91,0,8.81
2023-05-04 02:15:00,80.25,0.0,6.8,76.9289,0.000458,12.0149,0.0,0,30.85,103.656,0.0,0.0,45.3,96.5788,0.0,79.88,5.08724,2.4,0.0,0.0,112.423,227.851,227.628,2.2089,0.0,63.0,21.79,71.42,96.9,0,9.64
2023-05-04 02:20:00,80.39,0.0,6.8,76.2702,0.000458,13.193,0.0,0,30.8,104.615,0.0,0.0,44.9,97.0605,0.0,79.63,4.68712,0.0,0.0,0.0,112.487,224.62,228.002,2.11978,0.0,63.1,21.83,71.87,79.32,0,10.97
2023-05-04 02:25:00,80.53,0.0,6.8,77.7073,0.000458,11.5328,0.0,0,30.85,106.54,0.0,0.0,46.0,97.0376,0.0,79.78,5.03008,0.0,0.0,0.0,112.278,228.863,228.29,2.26627,0.0,63.1,21.88,71.87,45.91,0,10.62
2023-05-04 02:30:00,80.38,0.0,6.9,77.1085,0.000458,9.77493,0.0,0,30.83,104.621,0.0,0.0,45.1,96.9208,0.0,79.79,4.91576,0.0,0.0,0.0,112.364,227.471,194.951,2.26627,0.0,63.1,21.87,71.65,96.35,0,9.85
2023-05-04 02:35:00,80.58,0.0,6.9,0.64812,0.000458,8.23072,0.0,0,30.85,105.167,0.0,0.0,45.3,96.7573,0.0,79.77,5.05866,2.8,0.0,0.0,112.473,225.987,226.446,2.17716,0.0,63.1,21.91,68.9,97.5,0,9.08
2023-05-04 02:40:00,80.6,0.0,6.9,0.52838,0.000458,7.32128,0.0,0,31.03,107.038,0.0,0.0,46.1,97.7513,0.0,79.87,4.94434,4.4,0.0,0.0,112.274,235.671,228.571,2.24063,0.0,63.0,22.1,70.91,97.72,0,9.98
2023-05-04 02:45:00,80.33,0.0,6.8,0.0,0.000458,8.67018,0.0,0,30.7,104.438,0.0,0.0,45.9,97.1095,0.0,79.6,4.91576,6.3,0.0,0.0,112.135,233.466,228.023,2.07584,0.0,63.0,21.86,70.29,97.22,0,11.11
2023-05-04 02:50:00,80.51,0.0,6.8,0.0,0.000458,8.65797,0.0,0,30.84,104.914,0.0,0.0,45.6,96.9231,0.0,79.77,4.94434,8.0,0.0,0.0,112.219,231.339,228.173,2.10147,0.0,63.1,21.79,70.13,96.14,0,11.54
2023-05-04 02:55:00,80.6,0.0,6.9,0.0,0.000458,8.39551,0.0,0,30.98,106.173,0.0,0.0,45.9,97.5942,0.0,79.92,4.91576,8.8,0.0,0.0,112.144,231.542,228.216,2.27848,0.0,63.1,21.79,70.08,97.03,0,10.73
2023-05-04 03:00:00,80.66,0.0,6.9,0.0,0.000458,9.14626,0.0,0,30.9,104.298,0.81,0.0,46.6,96.8187,0.0,80.08,5.17298,9.1,0.0,0.0,112.428,234.603,227.66,2.01236,0.0,63.1,21.79,70.06,95.86,0,10.82
2023-05-04 03:05:00,80.66,0.0,6.9,0.0,0.000458,9.897,0.0,0,30.84,92.3745,0.9,0.0,46.5,97.4431,0.0,79.73,5.17298,7.4,0.0,0.0,112.527,232.139,228.728,2.215,0.0,62.9,21.96,70.31,96.64,0,10.52
2023-05-04 03:10:00,80.68,0.0,6.9,0.0,0.000458,11.8074,0.0,0,31.31,111.095,0.67,0.0,46.1,98.0407,0.0,79.64,5.11582,5.7,0.0,0.0,112.378,235.516,228.621,1.99283,0.0,63.1,23.13,71.35,96.89,0,10.26
2023-05-04 03:15:00,80.4,0.0,6.8,0.0,0.000458,12.6863,0.0,0,30.9,103.222,0.3,0.0,46.7,96.5229,0.0,79.91,5.0015,3.4,0.0,0.0,112.096,238.404,227.674,2.25406,0.0,63.1,21.8,71.4,95.55,0,10.17
2023-05-04 03:20:00,80.4,0.0,6.9,0.0,0.000458,14.0719,0.0,0,30.88,104.489,0.1,0.0,46.9,96.7599,0.0,79.71,4.68712,0.0,0.0,0.0,112.096,238.112,227.803,2.27848,0.0,63.1,21.8,71.57,96.56,0,11.83
2023-05-04 03:25:00,80.49,0.0,6.9,0.0,0.000458,16.8612,0.0,0,30.84,105.653,0.36,0.0,46.9,97.1538,0.0,79.84,4.94434,0.0,0.0,0.0,112.33,238.179,228.663,2.16495,0.0,63.1,21.89,71.66,96.8,0,11.34
2023-05-04 03:30:00,80.75,0.0,6.8,0.0,0.000458,16.7208,0.0,0,30.84,105.859,0.0,0.0,46.9,97.4572,0.0,79.78,4.80144,0.0,0.0,0.0,112.22,236.379,228.181,2.0502,0.0,63.2,21.9,71.22,96.96,0,11.79
2023-05-04 03:35:00,80.8,0.0,6.9,0.0,0.000458,14.2001,0.0,0,30.93,105.016,0.0,0.0,46.9,97.0002,0.0,79.77,5.08724,0.0,0.0,0.0,112.176,238.171,228.334,2.31022,0.0,63.1,21.86,71.91,96.64,0,13.11
2023-05-04 03:40:00,80.29,0.0,6.9,0.0,0.000458,14.7921,0.0,0,30.78,104.108,0.0,0.0,46.9,96.6068,0.0,79.74,4.88718,0.0,0.0,0.0,112.106,237.598,227.834,2.22232,0.0,63.1,21.84,71.62,96.3,0,13.37
2023-05-04 03:45:00,80.44,0.0,6.9,0.0,0.000458,15.9579,0.0,0,30.84,104.474,0.0,0.0,46.8,96.8344,0.0,79.62,5.1444,3.0,0.0,0.0,112.17,237.998,228.121,2.0441,0.0,63.0,21.89,71.58,96.43,0,13.03
2023-05-04 03:50:00,80.77,0.0,6.9,0.0,0.000458,16.8307,0.0,0,30.93,104.921,0.0,0.0,46.9,97.2098,0.0,79.77,5.1444,3.1,0.0,0.0,112.404,238.0,228.566,2.17716,0.0,63.1,21.95,71.93,96.61,0,11.8
2023-05-04 03:55:00,80.55,0.0,6.9,0.0,0.000458,14.8776,0.0,0,30.96,104.584,0.0,0.0,46.9,97.1082,0.0,79.97,4.94434,3.5,0.0,0.0,111.996,237.552,228.521,2.17105,0.0,63.1,21.9,71.33,96.71,0,11.84
2023-05-04 04:00:00,80.5,0.0,6.8,0.0,0.000458,16.3058,0.0,0,30.8,104.767,0.0,0.0,46.9,97.1628,0.0,79.7,4.94434,3.4,0.0,0.0,112.195,238.031,228.184,2.19058,0.0,63.0,21.94,71.53,96.48,0,11.25
2023-05-04 04:05:00,80.45,0.0,6.9,0.0,0.000458,14.9203,0.0,0,30.89,105.668,0.0,0.0,46.7,97.3566,0.0,79.75,5.0015,6.8,0.0,0.0,112.146,237.572,228.441,2.2089,0.0,63.1,30.76,70.85,96.71,0,10.97
2023-05-04 04:10:00,80.49,0.0,6.9,0.0,0.000458,17.2335,0.0,0,31.2,106.313,0.0,0.0,46.9,97.5793,0.0,79.79,4.65854,10.3,0.0,0.0,112.165,238.048,228.518,2.01236,0.0,63.1,46.09,71.26,97.23,0,13.24
2023-05-04 04:15:00,80.83,0.0,6.9,0.0,0.000458,18.9792,0.0,0,31.21,105.353,0.0,0.0,47.7,97.2416,0.0,79.74,5.11582,12.8,0.0,0.0,112.225,238.336,228.067,2.23453,0.0,63.1,57.58,71.06,96.82,0,11.45
2023-05-04 04:20:00,80.43,0.0,6.9,0.0,0.000458,19.7116,0.0,0,31.08,104.818,0.0,0.0,46.9,96.9095,0.0,79.73,4.97292,13.2,0.0,0.0,112.046,238.256,228.055,1.99283,0.0,63.2,57.85,70.93,96.52,0,9.95
2023-05-04 04:25:00,80.38,0.0,6.8,0.0,0.000458,20.0107,0.0,0,31.09,104.855,0.0,0.0,47.0,96.8752,0.0,79.51,5.03008,14.7,0.0,0.0,112.196,238.459,228.057,2.19669,0.0,62.9,57.78,70.97,96.36,0,12.37
2023-05-04 04:30:00,80.32,0.0,6.9,0.0,0.000458,20.5844,0.0,0,30.82,104.357,0.0,0.0,46.9,96.7512,0.0,79.84,4.94434,14.4,0.0,0.0,112.101,237.985,227.807,2.19058,0.0,63.1,58.04,70.38,96.4,0,12.26
2023-05-04 04:35:00,80.61,0.0,6.9,0.0,0.000458,21.3169,0.0,0,30.9,105.031,0.0,0.0,46.9,97.1348,0.0,79.6,5.03008,15.6,0.0,0.0,112.006,238.067,227.907,2.27848,0.0,63.2,60.98,70.92,96.67,0,11.97
2023-05-04 04:40:00,80.28,0.0,6.9,0.0,0.000458,21.5061,0.0,0,30.9,104.313,0.0,0.0,47.1,96.7254,0.0,79.67,4.88718,16.7,0.0,0.0,112.225,238.41,227.505,2.10147,0.0,63.1,65.593,70.56,96.11,0,12.83
2023-05-04 04:45:00,80.15,0.0,6.9,0.0,0.000458,20.1816,0.0,0,30.84,103.749,0.0,0.0,47.2,96.5076,0.0,79.6,5.17298,17.3,0.0,0.0,112.201,237.89,226.941,2.10758,0.0,62.9,65.9549,70.38,96.09,0,14.8
2023-05-04 04:50:00,80.55,0.0,6.8,0.0,0.000458,19.7177,0.0,0,30.88,106.02,0.0,0.0,46.8,97.2728,0.0,79.87,5.05866,17.1,0.0,0.0,112.1,236.782,228.204,1.97452,0.0,63.2,66.2106,70.55,96.97,0,14.0
2023-05-04 04:55:00,80.5,0.0,6.8,0.0,0.000458,19.4308,0.0,0,30.99,106.598,0.0,0.0,47.0,97.5663,0.0,79.73,4.94434,12.6,0.0,0.0,112.126,238.276,228.347,2.24063,0.0,63.2,66.1258,71.18,97.09,0,12.22
2023-05-04 05:00:00,80.63,0.0,6.8,0.0,0.000458,19.7665,0.0,0,30.85,105.478,0.0,0.0,47.3,98.5965,0.0,79.67,5.17298,10.9,0.0,0.0,112.111,238.215,228.371,2.26017,0.0,63.1,65.8869,71.1,103.93,0,12.42
2023-05-04 05:05:00,80.71,0.0,6.9,0.0,0.000458,17.6364,0.0,0,44.71,107.287,0.0,0.0,47.3,137.156,0.0,79.72,5.23014,9.9,0.0,0.0,112.305,238.689,228.834,2.18326,0.0,63.0,66.2258,70.94,96.42,0,13.29
2023-05-04 05:10:00,80.72,0.0,6.8,0.0,0.000458,17.319,0.0,0,45.32,113.154,0.0,0.0,48.1,141.35,0.0,79.76,5.11582,7.9,0.0,0.0,112.016,237.799,228.168,2.11368,0.0,62.9,66.0855,71.57,102.58,0,12.62
2023-05-04 05:15:00,80.43,0.0,6.9,0.0,0.000458,16.1959,0.0,0,45.56,171.001,0.0,0.0,47.6,139.577,0.0,79.55,5.05866,4.9,0.0,0.0,112.18,238.579,227.768,2.05631,0.0,63.1,65.9389,71.39,102.77,0,11.78
2023-05-04 05:20:00,80.53,0.0,6.8,0.0,0.000458,14.5663,0.0,0,45.46,171.455,0.0,0.0,46.9,139.525,0.0,79.81,5.05866,2.3,0.0,0.0,112.244,238.355,227.691,2.17105,0.0,62.9,65.956,70.75,102.74,0,10.65
2023-05-04 05:25:00,80.2,0.0,6.8,76.2702,0.000458,14.2428,0.0,0,45.53,177.315,0.0,0.0,46.9,139.479,0.0,79.98,5.08724,0.0,0.0,0.0,112.21,238.176,227.428,2.22843,0.0,63.1,65.8675,70.84,98.66,0,10.21
2023-05-04 05:30:00,80.56,0.0,6.8,79.5035,0.000458,13.3089,0.0,0,45.5,194.307,0.0,0.0,47.2,140.408,0.0,79.76,4.94434,0.0,0.0,0.0,112.136,238.057,228.124,2.10147,0.0,63.1,66.038,71.54,96.34,0,10.16
2023-05-04 05:35:00,80.5,0.0,6.9,83.2158,0.000458,13.9498,0.0,0,45.57,196.065,0.0,0.0,49.1,145.526,0.0,79.8,9.37424,0.0,0.0,0.0,112.111,238.446,228.447,1.97452,0.0,63.0,66.0807,74.62,99.46,0,9.55
2023-05-04 05:40:00,80.24,0.0,6.8,82.9762,0.000458,12.3201,0.0,0,45.45,192.652,0.0,0.0,48.6,144.117,0.0,79.9,14.1757,0.0,0.0,0.0,112.06,237.973,226.8,2.0502,0.0,62.9,65.7521,74.46,97.87,0,8.75
2023-05-04 05:45:00,79.77,0.0,6.9,79.2041,0.000458,12.2286,0.0,0,45.49,202.359,0.0,0.0,47.3,143.674,0.0,79.74,18.8628,0.0,0.0,0.0,112.042,237.967,226.359,2.13321,0.0,63.1,65.8257,70.35,96.03,0,6.91
2023-05-04 05:50:00,80.08,0.0,6.8,79.6831,0.000458,12.6558,0.0,0,45.53,293.752,0.0,0.0,47.8,144.315,0.0,79.62,23.6357,2.3,0.0,0.0,112.027,238.521,225.565,1.98672,0.0,63.2,65.6792,70.8,96.31,0,5.0
2023-05-04 05:55:00,80.4,0.0,6.9,79.3239,0.000458,11.3375,0.0,0,45.44,291.173,0.0,0.0,47.1,144.878,0.0,79.75,28.8086,0.0,0.0,0.0,112.24,238.494,226.843,2.10758,0.0,63.2,66.1071,71.01,96.36,0,4.37
2023-05-04 06:00:00,80.55,0.0,6.9,79.2041,0.000458,9.68338,0.0,0,45.44,290.635,0.0,0.0,46.6942,144.572,0.0,80.06,33.7816,0.0,0.0,0.0,112.22,238.226,226.595,2.34928,0.0,63.2,66.0313,70.82,96.35,0,4.41
2023-05-04 06:05:00,80.6,0.0,6.8,85.012,0.000458,9.0425,0.0,0,45.55,268.991,0.0,0.0,84.7284,152.778,0.0,79.92,38.24,0.0,0.0,0.0,112.225,238.436,227.694,27.0945,0.0,63.1,65.8333,71.05,102.62,0,4.22
2023-05-04 06:10:00,80.59,0.0,6.8,89.1434,0.000458,11.4962,0.0,0,45.44,274.777,0.0,0.0,86.1413,153.6,0.0,79.82,41.9269,2.2,0.0,0.0,112.086,238.261,227.759,31.8639,0.0,63.1,65.7887,72.21,103.95,0,5.6
2023-05-04 06:15:00,80.63,0.0,6.9,88.5446,0.000458,12.9,0.0,0,45.53,270.256,0.0,0.0,86.0981,152.7,0.0,79.9,42.0698,3.2,0.0,0.0,112.304,238.639,227.66,32.2826,0.0,63.0,74.6587,71.22,102.86,0,6.87
2023-05-04 06:20:00,80.46,23.4823,6.8,87.886,0.000458,15.2377,0.0,0,45.53,266.398,0.0,0.0,86.0105,152.822,0.0,79.75,43.0129,3.2,0.0,0.0,112.176,238.336,228.278,32.3204,0.0,63.1,74.9682,71.03,103.49,0,5.9
2023-05-04 06:25:00,80.22,29.8119,6.8,87.7064,0.000458,15.6893,4.34339,0,45.45,259.844,0.0,0.0,85.7533,152.448,0.0,79.64,42.6699,3.1,0.0,0.0,112.1,238.117,227.368,32.2387,0.0,63.2,74.9456,70.98,102.8,0,5.9
2023-05-04 06:30:00,79.39,30.0464,6.9,86.449,0.000458,12.5032,48.4365,0,45.4,258.516,0.0,0.0,85.3428,151.635,0.0,79.15,42.2984,4.5,0.0,0.0,112.265,235.386,225.04,32.0031,0.0,63.1,74.8305,69.8,102.02,0,5.91
2023-05-04 06:35:00,80.19,56.8107,6.8,88.1854,0.000458,11.014,48.627,0,45.44,217.698,0.0,0.0,85.4689,175.88,0.0,79.89,42.3841,5.9,0.0,0.0,112.398,237.46,225.601,32.2887,0.0,62.9,74.6522,70.11,102.6,0,5.28
2023-05-04 06:40:00,79.51,75.4966,6.9,84.1738,0.000458,11.8685,48.2461,0,45.48,224.246,0.0,0.0,84.9265,177.552,0.0,79.3,42.4699,7.0,0.0,0.06,112.423,227.493,223.999,32.2509,0.0,63.0,75.1876,69.98,101.9,0,4.29
2023-05-04 06:45:00,80.08,81.1852,6.9,84.8923,0.000458,9.45754,49.0835,0,45.45,213.19,0.0,0.0,84.2891,177.693,0.0,79.71,42.5556,9.0,0.0,3.56,112.274,232.133,225.845,31.8322,0.0,63.1,86.8925,70.6,103.04,0,3.86
2023-05-04 06:50:00,80.09,81.4056,6.8,85.5509,0.000458,9.20729,48.7661,0,45.46,219.496,0.0,0.0,84.5996,177.77,0.0,79.71,42.2412,12.2,0.0,4.47,112.432,231.703,225.867,31.8639,0.0,62.9,86.8178,70.22,102.77,0,4.17
2023-05-04 06:55:00,80.15,81.4756,6.9,84.1738,0.000458,9.01198,48.6148,0,45.45,218.864,0.0,0.0,84.3568,178.302,0.0,79.76,42.6699,11.8,0.0,5.22,112.691,228.397,225.608,32.0665,0.0,63.0,86.8052,70.28,102.85,0,3.73
2023-05-04 07:00:00,79.86,81.2856,6.9,82.7966,0.000458,9.13405,48.9444,0,45.43,237.468,0.19,0.0,83.4973,178.172,0.0,79.67,42.4413,11.1,0.0,6.14,112.696,223.404,225.839,32.2887,0.0,63.1,86.809,70.35,102.74,0,3.27
2023-05-04 07:05:00,80.33,81.5075,6.8,82.0781,0.000458,9.76272,48.6904,0,45.45,252.689,0.68,0.0,82.6451,178.289,0.0,79.97,42.6414,13.6,0.0,6.87,112.72,219.662,226.714,31.7369,0.0,63.1,86.6677,70.68,102.79,0,3.03
2023-05-04 07:10:00,79.97,81.5452,6.8,81.9584,0.000458,10.4585,48.7539,0,45.46,267.584,1.99,0.0,82.8685,178.059,0.0,79.56,42.5556,15.1,0.0,6.94,112.839,218.43,225.82,31.8761,0.0,63.0,86.8128,70.28,102.61,0,2.21
2023-05-04 07:15:00,80.38,81.7247,6.9,81.7787,0.000458,9.40261,48.6514,0,45.45,269.17,2.5,0.0,82.7202,179.102,0.0,79.38,41.984,16.8,0.0,6.85,112.501,216.263,227.407,31.7809,0.0,62.9,86.9864,70.85,103.38,0,1.44
2023-05-04 07:20:00,80.47,80.948,6.9,84.8923,0.000458,10.3548,48.7661,0,45.37,248.909,2.25,0.0,85.8844,179.185,0.0,68.15,42.6985,16.5,0.0,6.88,112.581,223.947,226.581,31.7052,0.0,63.1,87.0432,83.34,103.04,0,1.16
2023-05-04 07:25:00,80.29,81.1656,6.8,92.7958,0.000458,9.98245,48.7027,0,45.39,234.565,2.01,0.0,82.8276,178.936,0.0,70.14,42.2984,16.4,0.0,6.85,112.69,212.744,226.454,31.9969,0.0,63.1,89.5413,83.44,102.83,0,0.71
2023-05-04 07:30:00,80.54,81.2656,6.9,92.676,0.000458,7.60815,48.9566,0,45.46,247.447,2.27,0.0,81.616,178.878,0.0,62.87,42.6985,17.5,0.0,6.93,112.655,217.1,226.828,31.6222,0.0,63.0,89.9707,83.64,103.01,0,0.23
2023-05-04 07:35:00,80.53,81.0647,6.9,92.7958,0.000458,7.22973,49.3008,0,45.44,251.072,2.93,0.0,81.7424,179.211,0.0,69.93,42.4127,17.5,0.0,6.99,112.863,211.057,226.809,31.9396,0.0,63.1,90.1957,83.49,103.23,0,0.11
2023-05-04 07:40:00,80.25,81.1938,6.8,93.2149,0.000458,6.26535,48.8931,0,45.46,224.89,3.28,0.0,81.7346,178.853,0.0,70.08,42.1269,16.3,0.0,6.85,112.794,210.412,226.576,31.8126,0.0,63.1,96.6662,83.6,103.21,0,0.39
2023-05-04 07:45:00,80.09,81.7556,6.8,86.0299,0.000458,5.09957,49.0078,0,45.43,227.805,2.88,0.0,81.5479,178.514,0.0,77.18,42.1841,14.8,0.0,6.91,112.834,210.039,225.646,31.9591,0.0,63.0,96.7628,83.31,102.73,0,-0.01
2023-05-04 07:50:00,80.46,81.1947,6.8,92.4365,0.000458,2.68254,49.2251,0,45.41,229.358,2.5,0.0,86.0529,178.974,0.0,66.61,41.4696,15.2,0.0,6.84,112.783,210.476,227.146,31.6991,0.0,63.1,96.8693,83.61,103.23,0,-0.38
2023-05-04 07:55:00,80.62,81.4266,6.8,92.9754,0.000458,2.27359,49.0201,0,45.46,230.003,1.58,0.0,83.314,179.572,0.0,65.31,42.2127,16.7,0.0,6.97,112.347,220.161,228.171,31.7052,0.0,63.1,96.8505,84.29,104.15,0,-0.32
2023-05-04 08:00:00,80.67,81.3847,6.9,92.1371,0.000458,3.38445,49.5792,0,45.46,213.517,1.24,0.0,82.8576,179.389,0.0,65.03,42.0412,17.7,0.0,6.99,112.67,220.63,228.564,31.7626,0.0,63.1,96.8386,87.84,107.62,0,-0.18
2023-05-04 08:05:00,80.33,81.5342,6.8,92.6161,0.000458,3.22576,48.793,0,45.45,252.847,1.32,0.0,80.1093,178.52,0.0,61.13,9.97442,18.6,0.0,6.78,112.691,213.878,227.104,31.527,0.0,62.9,96.6161,87.43,107.94,0,-0.35
2023-05-04 08:10:00,80.4,81.1647,6.9,92.6161,0.000458,3.42718,48.8565,0,45.41,242.655,1.8,0.0,75.3786,178.807,0.0,61.89,0.0,20.8,0.0,6.9,112.68,217.095,227.84,31.7174,0.0,63.1,96.5386,87.57,108.25,0,-0.26
2023-05-04 08:15:00,80.44,81.0566,6.8,92.676,0.000458,3.58587,48.9834,0,45.42,220.827,1.91,0.0,74.0023,178.602,0.0,69.83,0.0,20.7,0.0,6.83,112.745,211.493,227.587,31.6539,0.0,63.0,96.4392,87.41,108.53,0,-0.4
2023-05-04 08:20:00,80.57,81.1447,6.8,92.6161,0.000458,2.26749,49.479,0,45.42,209.187,1.81,0.0,73.6436,178.892,0.0,69.24,0.0,21.2,0.0,6.84,112.848,210.066,228.192,31.4256,0.0,62.9,96.5576,87.98,109.0,0,-0.47
2023-05-04 08:25:00,80.66,81.3352,6.9,92.4365,0.000458,1.87686,48.7783,0,45.41,203.123,2.95,0.0,73.8879,178.701,0.0,70.49,0.0,25.6,0.0,6.95,112.948,211.232,228.164,31.8065,0.0,62.9,96.4741,87.54,108.78,0,-0.6
2023-05-04 08:30:00,80.54,81.5352,6.9,92.7958,0.000458,2.41398,49.274,0,45.41,196.59,3.8,0.0,74.072,178.62,0.0,65.52,0.0,29.2,0.0,6.95,112.551,219.367,228.241,31.5721,0.0,63.1,96.5431,87.83,109.08,0,-0.72
2023-05-04 08:35:00,80.46,81.3166,6.8,84.4731,0.000458,1.65103,5.06607,0,45.32,275.589,4.9,0.0,74.1479,170.048,0.0,70.04,0.0,28.5,0.0,6.93,112.7,211.457,227.852,2.99016,0.0,63.1,77.6263,71.0,97.47,0,-0.68
2023-05-04 08:40:00,80.77,80.8856,6.8,92.3167,0.000458,2.40177,0.0,0,45.39,261.806,4.13,0.0,74.8844,168.561,0.0,74.41,0.0,28.9,0.0,6.96,112.297,221.133,228.524,2.38712,0.0,62.9,78.0041,84.95,103.22,0,-0.63
2023-05-04 08:45:00,80.53,81.2247,6.8,92.676,0.000458,3.7995,0.0,0,45.4,260.448,2.57,0.0,75.4362,169.027,0.0,73.83,0.0,28.2,0.0,6.93,112.72,218.407,228.186,2.25406,0.0,63.0,77.6566,87.66,103.8,0,-0.78
2023-05-04 08:50:00,80.36,81.2338,6.9,92.9155,0.000458,5.98459,0.0,0,45.45,261.057,2.44,0.0,75.0086,169.075,0.0,72.52,0.0,26.5,0.0,6.86,112.596,216.925,227.84,2.22232,0.0,63.1,74.1845,88.59,104.05,0,-0.72
2023-05-04 08:55:00,80.71,81.717,6.9,93.0352,0.000458,6.49119,0.0,0,45.44,261.57,2.17,0.0,75.4062,168.975,0.0,72.61,0.0,26.3,0.0,6.92,112.695,219.306,228.166,2.29801,0.0,63.0,74.8231,88.13,107.97,0,-0.67
2023-05-04 09:00:00,80.27,81.517,6.8,92.5563,0.000458,8.22461,0.0,0,45.37,238.957,2.04,0.0,74.6992,167.867,0.0,71.13,0.0,24.6,0.0,6.88,113.033,214.053,227.718,2.36149,0.0,63.0,74.9749,87.3,108.85,0,-0.79
2023-05-04 09:05:00,80.51,57.9047,6.8,92.9155,0.000458,9.75662,0.0,0,45.4,250.584,2.15,0.0,54.3389,133.103,0.0,67.74,0.0,22.6,0.0,7.92,112.893,211.265,228.165,2.13931,0.0,62.9,74.739,88.28,109.06,0,-0.74
2023-05-04 09:10:00,80.45,57.8656,6.9,92.4964,0.000458,11.1238,0.0,0,45.41,250.84,1.68,0.0,54.1926,130.718,0.0,75.05,0.0,21.6,0.0,8.04,112.157,230.318,228.183,2.19669,0.0,63.0,75.2181,88.2,109.73,0,-0.7
2023-05-04 09:15:00,80.55,57.9242,6.8,92.7359,0.000458,9.44534,0.0,0,45.41,253.139,2.16,0.0,54.163,131.678,0.0,76.07,0.0,19.1,0.0,7.9,112.363,227.459,228.008,2.16495,0.0,63.0,75.0052,88.35,109.45,0,-0.84
2023-05-04 09:20:00,80.22,57.8656,6.8,89.2631,0.000458,8.05371,0.0,0,45.39,249.88,2.37,0.0,54.0323,129.923,0.0,68.76,0.0,15.8,0.0,7.92,112.135,226.891,227.605,2.2919,0.0,63.1,77.9496,87.83,108.95,0,-0.78
2023-05-04 09:25:00,80.66,57.9438,6.9,92.9754,0.000458,8.77394,0.0,0,45.41,251.968,2.56,0.0,53.9358,130.675,0.0,70.24,0.0,13.4,0.0,7.98,112.651,222.817,228.192,2.34928,0.0,63.1,78.0561,88.43,109.28,0,-0.75
2023-05-04 09:30:00,80.75,57.8461,6.9,92.5563,0.000458,7.04662,0.0,0,45.4,251.84,2.74,0.0,54.0385,130.616,0.0,73.88,0.0,11.7,0.0,7.96,112.337,228.78,228.178,2.22232,0.0,62.9,77.8914,88.21,109.13,0,-0.81
2023-05-04 09:35:00,80.52,16.1953,6.9,1.60612,0.000458,5.03853,0.0,0,35.55,265.506,3.62,0.0,47.5373,130.239,0.0,74.2,0.0,12.0,0.0,7.96,112.487,225.759,227.851,2.17105,0.0,63.0,77.7485,71.48,97.68,0,-0.76
2023-05-04 09:40:00,80.59,0.0,6.9,0.0,0.000458,1.82803,0.0,0,31.51,291.66,2.38,0.0,46.9265,130.029,0.0,76.59,0.0,12.2,0.0,7.97,112.661,228.618,228.4,2.27848,0.0,62.9,77.6852,68.76,97.01,0,-0.78
2023-05-04 09:45:00,80.51,0.0,6.8,0.58825,0.000458,2.37736,0.0,0,31.0,292.228,1.56,0.0,46.9669,130.452,0.0,77.67,0.0,9.8,0.0,7.91,112.403,229.468,228.231,1.8793,0.0,63.1,77.7633,68.35,96.63,0,-0.79
