SETTLEMENTDATE,AGLSOM,ARWF,BALB,BANN,BHWF,BRYB1WF,BULBES,BULGANA,CHALLWF,CHYTWF,CLOVER,COHUNSF,CROWLWF,DARTM,DEIBDL,DG_VIC1,DIAPURWF,DUNDWF,EILDON,ELAINWF,GANNB,GANNSF,GLRWNSF,HUMEV,JEERA,JEERB,KARSF,KIAMSF,KIWF,LNGS,LOYYANGA,LOYYB,MACARTH,MCKAY,MLWF,MOORAWF,MORTLK,MRTLSWF,MTGELWF,MTMERCER,MURRAY,MUWAWF,NETIC,NEWPORT,NUMURSF,OAKLAND,PORTWF,RUBICON,SALTCRK,STOCKYD,VBB,VPGS,WAUBRAWF,WEMENSF,WINTSF,WKIEWA,YALLOURN,YAMBUK,YATSF,YENDWF,YSWF,BRYB2WF,HBESS,PIBESS,GLENSF,HD1WF,GIRGSF,RYANCWF,GPWFEST,RANGEB
2024-10-28 00:00:00,0.0,95.8,,0.0,51.603,16.4462,,97.06,3.3,55.14,0.0,0.0,63.9631,172.8,0.0,0,7.3,57.61,0.0,8.72,,0.0,0.0,0.0,0.0,0.0,0.0,0.0,24.9,0.0,1544.0,1140.75,35.4,0.01,4.68,48.29,0.0,29.02,24.8421,15.9,60.1,286.2,0.0,0.0,0.0,19.4,59.0,0.81,13.69,82.53,,0.0,140.205,0.0,0.0,0.0,1091.28,23.4,0.0,8.14,4.2,13.2967,,,0.0,28.4,0.0,61.53,0.0,
2024-10-28 00:05:00,0.0,90.9,,0.0,49.226,16.318,,109.8,3.5,55.83,0.0,0.0,67.2809,172.5,0.0,0,7.3,60.0,0.0,7.53,,0.0,0.0,0.0,0.0,0.0,0.0,0.0,26.2,0.0,1534.0,1136.25,34.4,0.01,4.86,57.32,0.0,29.63,29.9188,16.1,97.4,278.4,0.0,0.0,0.0,20.2,57.9,0.81,14.14,86.07,,0.0,139.075,0.0,0.0,0.0,1087.18,19.0,0.0,7.21,4.8,14.5541,,,0.0,30.16,0.0,66.05,0.0,
2024-10-28 00:10:00,0.0,86.1,,0.0,54.636,18.4726,,111.88,4.4,55.23,0.0,0.0,68.608,171.7,0.0,0,7.3,63.78,0.0,5.86,,0.0,0.0,0.0,0.0,0.0,0.0,0.0,25.2,0.0,1531.0,1133.62,35.5,0.01,4.755,57.54,0.0,29.87,33.9625,15.9,57.6,271.61,0.0,0.0,0.0,20.7,57.3,0.81,15.33,77.54,,0.0,144.99,0.0,0.0,0.0,1088.71,17.3,0.0,11.88,4.9,18.1674,,,0.0,30.8,0.0,70.43,0.0,
2024-10-28 00:15:00,0.0,79.9,,0.0,54.23,21.384,,111.85,5.2,55.35,0.0,0.0,64.8171,172.1,0.0,0,7.3,73.1,0.0,4.31,,0.0,0.0,0.0,0.0,0.0,0.0,0.0,26.7,0.0,1542.0,1111.5,33.4,0.01,4.65,58.05,0.0,34.23,35.0902,17.0,54.4,269.64,0.0,0.0,0.0,21.3,53.3,0.81,15.84,73.56,,0.0,146.693,0.0,0.0,0.0,1092.0,18.1,0.0,12.06,5.4,21.5976,,,0.0,36.62,0.0,91.41,0.0,
2024-10-28 00:20:00,0.0,85.5,,0.0,60.27,27.9576,,106.3,6.0,53.48,0.0,0.0,61.3233,172.3,0.0,0,7.3,73.48,0.0,4.34,,0.0,0.0,0.0,0.0,0.0,0.0,0.0,27.1,0.0,1534.0,1126.12,28.8,0.01,4.68,54.55,0.0,26.57,40.2203,18.4,7.6,274.36,0.0,0.0,0.0,22.6,50.7,0.81,17.16,79.93,,0.0,145.329,0.0,0.0,0.0,1087.36,21.2,0.0,10.91,5.4,24.5945,,,0.0,37.48,0.0,71.7,0.0,
2024-10-28 00:25:00,0.0,90.3,,0.0,55.214,37.3144,,112.72,7.4,54.83,0.0,0.0,59.0541,172.8,0.0,0,7.2,76.09,0.0,4.46,,0.0,0.0,0.0,0.0,0.0,0.0,0.0,27.1,0.0,1541.0,1128.0,29.9,0.01,4.305,51.8,0.0,27.84,41.5464,18.0,59.8,274.57,0.0,0.0,0.0,25.0,42.9,0.81,20.24,87.19,,0.0,144.304,0.0,0.0,0.0,1090.97,19.8,0.0,12.95,5.8,28.1407,,,0.0,36.36,0.0,45.48,0.0,
2024-10-28 00:30:00,0.0,93.9,,0.0,59.877,35.0439,,111.49,8.1,53.49,0.0,0.0,59.4063,173.1,0.0,0,7.2,76.35,0.0,5.94,,0.0,0.0,0.0,0.0,0.0,0.0,0.0,25.4,0.0,1543.0,1132.88,28.7,0.01,4.08,49.26,0.0,26.53,37.4096,17.1,59.3,275.62,0.0,0.0,0.0,27.1,40.7,0.81,19.23,86.37,,0.0,143.999,0.0,0.0,0.0,1089.94,18.1,0.0,11.91,6.0,27.6524,,,0.0,34.76,0.0,34.38,0.0,
2024-10-28 00:35:00,0.0,98.7,,0.0,59.186,30.1244,,110.53,10.6,54.02,0.0,0.0,60.418,172.7,0.0,0,7.2,73.3,0.0,6.97,,0.0,0.0,0.0,0.0,0.0,0.0,0.0,24.3,0.0,1557.0,1137.0,28.8,0.01,4.095,45.46,0.0,21.06,32.5449,18.6,59.9,271.13,0.0,0.0,0.0,26.9,46.1,0.81,15.68,92.74,,0.0,143.604,0.0,0.0,0.0,1091.32,11.2,0.0,13.18,5.3,26.9871,,,0.0,31.14,0.0,55.99,0.0,
2024-10-28 00:40:00,0.0,95.2,,0.0,56.201,27.1824,,106.22,10.8,55.91,0.0,0.0,58.5687,172.5,0.0,0,7.3,73.34,0.0,8.72,,0.0,0.0,0.0,0.0,0.0,0.0,0.0,20.6,0.0,1557.0,1135.12,25.5,0.01,3.555,51.71,0.0,18.36,25.2495,16.7,58.3,268.37,0.0,0.0,0.0,26.9,47.4,0.81,14.75,106.49,,0.0,148.755,0.0,0.0,0.0,1089.37,15.8,0.0,13.24,6.5,23.27,,,0.0,30.46,0.0,46.41,0.0,
2024-10-28 00:45:00,0.0,91.4,,0.0,61.414,28.2322,,117.39,12.0,53.3,0.0,0.0,56.1295,172.8,0.0,0,7.3,75.72,0.0,7.61,,0.0,0.0,0.0,0.0,0.0,0.0,0.0,20.9,0.0,1573.0,1131.75,19.2,0.01,3.795,51.55,0.0,21.07,25.1061,14.7,53.4,262.21,0.0,0.0,0.0,29.5,47.6,0.81,15.81,113.81,,0.0,156.378,0.0,0.0,0.0,1090.41,17.7,0.0,16.35,6.2,27.1397,,,0.0,33.96,0.0,45.77,0.0,
2024-10-28 00:50:00,0.0,93.4,,0.0,64.087,30.8202,,113.61,13.7,54.82,0.0,0.0,57.4607,172.6,0.0,0,7.3,78.4,0.0,8.19,,0.0,0.0,0.0,0.0,0.0,0.0,0.0,23.2,0.0,1583.0,1132.5,13.5,0.01,3.465,52.36,0.0,23.54,26.2963,16.9,-0.1,263.12,0.0,0.0,0.0,29.4,45.2,0.81,15.72,125.1,,0.0,159.707,0.0,0.0,0.0,1088.05,21.0,0.0,18.37,4.9,28.9342,,,0.0,28.34,0.0,53.03,0.0,
2024-10-28 00:55:00,0.0,98.9,,0.0,65.446,35.1293,,113.92,14.3,54.77,0.0,0.0,56.5084,173.3,0.0,0,7.3,79.36,0.0,7.35,,0.0,0.0,0.0,0.0,0.0,0.0,0.0,25.9,0.0,1586.0,1053.38,10.3,0.01,3.57,48.02,0.0,21.43,26.3161,19.0,0.0,278.74,0.0,0.0,0.0,27.0,42.0,0.81,15.68,131.48,,0.0,157.098,0.0,0.0,0.0,1089.97,21.0,0.0,22.87,5.2,30.8934,,,0.0,43.76,0.0,60.27,0.0,
2024-10-28 01:00:00,0.0,104.7,,0.0,57.028,37.5402,,111.46,17.1,52.49,0.0,0.0,58.0833,172.5,0.0,0,7.3,82.65,0.0,7.68,,0.0,0.0,0.0,0.0,0.0,0.0,0.0,27.8,0.0,1587.0,1105.88,9.8,0.01,4.29,48.19,0.0,16.53,21.3095,20.6,0.0,281.69,0.0,0.0,0.0,28.2,45.0,0.81,14.69,123.88,,0.0,156.211,0.0,0.0,0.0,1088.09,21.1,0.0,21.07,4.8,32.3644,,,0.0,37.94,0.0,77.26,0.0,
2024-10-28 01:05:00,0.0,114.9,,0.0,51.908,46.2013,,115.68,18.4,52.3,0.0,0.0,56.6108,172.9,0.0,0,7.3,84.73,0.0,9.14,,0.0,0.0,0.0,0.0,0.0,0.0,0.0,27.7,0.0,1600.0,1066.5,10.9,0.01,4.74,52.14,0.0,16.56,17.8198,24.6,0.0,278.88,0.0,0.0,0.0,26.0,54.2,0.81,10.78,125.38,,0.0,156.061,0.0,0.0,0.1,1097.55,19.0,0.0,26.38,3.9,29.9412,,,0.0,39.28,0.0,74.71,0.0,
2024-10-28 01:10:00,0.0,117.2,,0.0,50.525,46.775,,116.59,18.3,52.1,0.0,0.0,59.9183,173.1,0.0,0,7.3,88.61,0.0,9.05,,0.0,0.0,0.0,0.0,0.0,0.0,0.0,27.2,0.0,1594.0,1107.75,10.9,0.01,4.95,51.51,0.0,14.46,15.862,27.7,0.0,264.42,0.0,0.0,0.0,21.9,53.8,0.81,11.33,133.37,,0.0,158.552,0.0,0.0,0.0,1090.38,22.6,0.0,25.44,3.4,27.4876,,,0.0,27.8,0.0,69.92,0.0,
2024-10-28 01:15:00,0.0,125.1,,0.0,49.437,38.5596,,123.47,20.6,51.6,0.0,0.0,58.7346,172.4,0.0,0,7.3,82.07,0.0,10.0,,0.0,0.0,0.0,0.0,0.0,0.0,0.0,27.5,0.0,1594.0,1024.12,10.9,0.01,4.185,62.76,0.0,13.97,14.4353,27.4,0.0,262.05,0.0,0.0,0.0,17.9,62.5,0.81,11.6,129.29,,0.0,155.226,0.0,0.0,0.1,1090.47,21.5,0.0,25.33,3.4,25.5955,,,0.0,39.04,0.0,65.59,0.0,
2024-10-28 01:20:00,0.0,114.6,,0.0,60.44,35.2392,,118.13,17.8,55.22,0.0,0.0,56.3651,172.5,0.0,0,7.3,70.39,0.0,10.78,,0.0,0.0,0.0,0.0,0.0,0.0,0.0,27.9,0.0,1599.0,993.375,10.9,0.01,3.375,64.93,0.0,28.14,12.3249,19.4,0.0,253.72,0.0,0.0,0.0,13.0,66.6,0.81,8.63,123.9,,0.0,158.973,0.0,0.0,0.1,1092.44,21.9,0.0,22.9,3.5,21.6953,,,0.0,51.56,0.0,68.73,0.0,
2024-10-28 01:25:00,0.0,110.7,,0.0,58.684,30.9728,,117.9,18.2,55.67,0.0,0.0,55.4066,172.5,0.0,0,7.3,47.66,0.0,11.97,,0.0,0.0,0.0,0.0,0.0,0.0,0.0,28.4,0.0,1586.0,1040.25,11.0,0.01,2.82,82.73,0.0,40.53,14.5634,19.4,0.0,271.23,0.0,0.0,0.0,12.3,69.0,0.81,8.6,118.77,,0.0,157.991,0.0,0.0,0.1,1089.47,22.6,0.0,24.38,4.9,20.4074,,,0.0,38.74,0.0,80.3,0.0,
2024-10-28 01:30:00,0.0,110.3,,0.0,57.088,29.8619,,112.53,15.8,54.94,0.0,0.0,58.5503,172.8,0.0,0,7.3,42.74,0.0,8.7,,0.0,0.0,0.0,0.0,0.0,0.0,0.0,28.5,0.0,1604.0,986.25,13.6,0.01,2.475,82.7,0.0,45.4,14.4398,22.4,0.0,274.11,0.0,0.0,0.0,12.9,67.6,0.81,9.64,120.39,,0.0,154.392,0.0,0.0,0.0,1090.97,22.0,0.0,30.88,4.4,19.2538,,,0.0,19.88,0.0,80.65,0.0,
2024-10-28 01:35:00,0.0,111.2,,0.0,58.525,29.3126,,108.26,15.2,54.11,0.0,0.0,58.7182,172.4,0.0,0,7.3,43.69,0.0,7.17,,0.0,0.0,0.0,0.0,0.0,0.0,0.0,27.6,0.0,1601.0,1070.62,18.9,0.01,2.16,69.43,0.0,32.82,14.0446,23.0,0.0,264.95,0.0,0.0,0.0,10.3,71.3,0.81,9.38,109.8,,0.0,154.957,0.0,0.0,0.1,1068.8,19.6,0.0,31.4,6.9,21.0117,,,0.0,16.54,0.0,85.43,0.0,
2024-10-28 01:40:00,0.0,119.5,,0.0,63.789,33.1701,,100.32,15.2,55.71,0.0,0.0,60.2235,173.0,0.0,0,7.3,38.36,0.0,6.32,,0.0,0.0,0.0,0.0,0.0,0.0,0.0,28.2,0.0,1586.0,1036.88,34.4,0.01,1.845,72.33,0.0,22.11,12.1952,22.8,0.0,260.77,0.0,0.0,0.0,9.4,66.7,0.81,7.46,112.64,,0.0,156.271,0.0,0.0,0.0,1036.23,20.3,0.0,27.86,6.7,21.8601,,,0.0,20.74,0.0,77.38,0.0,
2024-10-28 01:45:00,0.0,117.0,,0.0,61.438,34.1344,,101.83,15.1,56.66,0.0,0.0,66.4023,173.0,0.0,0,7.3,38.93,0.0,8.06,,0.0,0.0,0.0,0.0,0.0,0.0,0.0,28.5,0.0,1589.0,1018.12,34.5,0.01,1.935,79.35,0.0,26.61,11.8915,21.9,0.0,267.25,0.0,0.0,0.0,8.6,67.1,0.81,8.32,114.87,,0.0,155.575,0.0,0.0,0.1,1006.38,23.8,0.0,27.64,7.0,22.7146,,,0.0,23.86,0.0,86.7,0.0,
2024-10-28 01:50:00,0.0,117.0,,0.0,63.542,36.4477,,96.44,11.4,56.69,0.0,0.0,64.2847,172.7,0.0,0,7.3,43.93,0.0,9.36,,0.0,0.0,0.0,0.0,0.0,0.0,0.0,28.6,0.0,1602.0,992.625,32.3,0.01,1.83,74.15,0.0,30.29,10.8737,19.8,0.0,266.42,0.0,0.0,0.0,8.0,68.8,0.81,8.92,111.45,,0.0,152.325,0.0,0.0,0.0,976.975,22.3,0.0,19.06,5.2,26.1265,,,0.0,25.78,0.0,100.01,0.0,
2024-10-28 01:55:00,0.0,133.6,,0.0,70.058,38.1201,,92.01,9.8,56.55,0.0,0.0,59.0787,173.0,0.0,0,7.3,46.22,0.0,9.51,,0.0,0.0,0.0,0.0,0.0,0.0,0.0,28.9,0.0,1605.0,992.25,31.0,0.01,1.83,65.45,0.0,29.4,8.8229,16.2,0.0,266.96,0.0,0.0,0.0,6.8,76.0,0.81,7.41,103.62,,0.0,150.099,0.0,0.0,0.1,952.704,21.9,0.0,18.1,5.1,25.1621,,,0.0,31.2,0.0,96.39,0.0,
2024-10-28 02:00:00,0.0,129.8,,0.0,74.353,37.8332,,85.91,9.3,56.75,0.0,0.0,61.4666,173.3,0.0,0,7.3,45.28,0.0,9.06,,0.0,0.0,0.0,0.0,0.0,0.0,0.0,28.9,0.0,1596.0,1075.12,25.7,0.01,2.355,61.83,0.0,33.91,8.99686,15.5,0.0,264.34,0.0,0.0,0.0,7.4,83.5,0.81,6.83,104.09,,0.0,145.665,0.0,0.0,0.0,934.334,19.6,0.0,17.99,5.8,27.4388,,,0.0,35.3,0.0,89.85,0.0,
2024-10-28 02:05:00,0.0,116.1,,0.0,72.046,41.5869,,89.423,9.4,56.71,0.0,0.0,60.9116,172.6,0.0,0,7.3,43.02,0.0,7.28,,0.0,0.0,0.0,0.0,0.0,0.0,0.0,29.0,0.0,1606.0,1101.75,23.1,0.01,2.355,63.87,0.0,39.15,9.54924,13.0,0.0,278.3,0.0,0.0,0.0,7.4,74.8,0.81,5.8,108.53,,0.0,140.123,0.0,0.0,0.0,925.272,16.2,0.0,16.81,4.3,29.0806,,,0.0,43.02,0.0,84.23,0.0,
2024-10-28 02:10:00,0.0,108.3,,0.0,68.045,43.1311,,99.21,8.9,56.52,0.0,0.0,65.9784,172.8,0.0,0,7.3,44.79,0.0,6.54,,0.0,0.0,0.0,0.0,0.0,0.0,0.0,28.2,0.0,1592.0,1128.0,21.9,0.01,2.4,55.98,0.0,47.23,11.7481,14.7,0.0,284.03,0.0,0.0,0.0,8.8,72.3,0.81,5.4,101.84,,0.0,137.701,0.0,0.0,0.0,908.119,17.8,0.0,16.54,4.0,26.5232,,,0.0,51.7,0.0,73.21,0.0,
2024-10-28 02:15:00,0.0,110.7,,0.0,66.282,46.5309,,100.84,7.9,56.6,0.0,0.0,60.8993,172.7,0.0,0,7.3,54.91,0.0,6.77,,0.0,0.0,0.0,0.0,0.0,0.0,0.0,28.1,0.0,1584.0,1095.38,20.4,0.01,2.49,55.17,0.0,54.84,13.0207,11.8,0.0,288.2,0.0,0.0,0.0,8.8,73.8,0.81,4.29,106.82,,0.0,135.733,0.0,0.0,0.1,902.568,20.7,0.0,16.01,5.7,27.6036,,,0.0,47.4,0.0,79.86,0.0,
2024-10-28 02:20:00,0.0,113.9,,0.0,52.956,45.3895,,88.81,6.6,53.02,0.0,0.0,60.8358,172.8,0.0,0,7.3,66.54,0.0,4.49,,0.0,0.0,0.0,0.0,0.0,0.0,0.0,27.4,0.0,1600.0,1048.88,18.7,0.01,1.875,58.93,0.0,59.96,15.4057,11.1,0.0,283.34,0.0,0.0,0.0,10.2,75.8,0.81,4.87,96.43,,0.0,130.997,0.0,0.0,0.0,906.708,19.4,0.0,14.75,4.7,28.5679,,,0.0,46.7,0.0,79.61,0.0,
2024-10-28 02:25:00,0.0,111.3,,0.0,49.132,44.8096,,81.64,5.3,53.1,0.0,0.0,58.1325,172.7,0.0,0,7.3,68.37,0.0,5.67,,0.0,0.0,0.0,0.0,0.0,0.0,0.0,25.6,0.0,1587.0,1072.12,18.1,0.01,1.545,50.4,0.0,57.01,18.3294,14.4,0.0,280.46,0.0,0.0,0.0,11.5,77.0,0.81,4.42,91.0,,0.0,131.823,0.0,0.0,0.0,897.332,18.6,0.0,19.51,3.9,31.4977,,,0.0,42.52,0.0,73.62,0.0,
2024-10-28 02:30:00,0.0,110.0,,0.0,45.041,49.2287,,76.84,5.7,52.95,0.0,0.0,59.1524,172.6,0.0,0,7.3,65.04,0.0,4.35,,0.0,0.0,0.0,0.0,0.0,0.0,0.0,28.0,0.0,1602.0,995.25,21.8,0.01,1.875,44.97,0.0,59.66,19.7104,18.5,0.0,268.86,0.0,0.0,0.0,13.4,64.4,0.81,5.1,90.98,,0.0,133.219,0.0,0.0,0.0,910.752,20.7,0.0,14.43,2.2,37.2717,,,0.0,44.76,0.0,70.72,0.0,
2024-10-28 02:35:00,0.0,120.5,,0.0,40.417,54.5022,,86.94,5.6,53.09,0.0,0.0,58.5441,173.3,0.0,0,7.3,55.44,0.0,2.49,,0.0,0.0,0.0,0.0,0.0,0.0,0.0,27.5,0.0,1603.0,1068.75,21.4,0.01,3.15,40.71,0.0,60.78,19.1061,21.9,0.0,252.87,0.0,0.0,0.0,15.7,57.5,0.81,5.27,87.26,,0.0,139.132,0.0,0.0,0.0,896.894,22.2,0.0,14.87,3.5,35.5322,,,0.0,48.74,0.0,70.85,0.0,
2024-10-28 02:40:00,0.0,124.3,,0.0,39.75,48.9967,,84.02,5.7,56.54,0.0,0.0,57.6492,172.9,0.0,0,7.3,52.02,0.0,2.81,,0.0,0.0,0.0,0.0,0.0,0.0,0.0,26.7,0.0,1594.0,1085.62,22.4,0.01,3.12,38.96,0.0,53.45,19.7806,26.6,0.0,239.54,0.0,0.0,0.0,15.3,58.9,0.81,4.95,101.4,,0.0,134.82,0.0,0.0,0.0,897.084,23.1,0.0,16.49,3.1,36.0205,,,0.0,53.2,0.0,73.18,0.0,
2024-10-28 02:45:00,0.0,122.0,,0.0,40.591,44.6021,,88.15,5.4,56.59,0.0,0.0,50.4545,173.1,0.0,0,7.3,47.08,0.0,4.03,,0.0,0.0,0.0,0.0,0.0,0.0,0.0,28.2,0.0,1590.0,1086.38,20.8,0.01,2.82,34.87,0.0,52.95,19.6921,29.2,0.0,239.08,0.0,0.0,0.0,12.3,55.7,0.81,6.18,114.04,,0.0,130.642,0.0,0.0,0.1,894.825,22.2,0.0,14.51,3.6,32.2667,,,0.0,52.4,0.0,73.7,0.0,
2024-10-28 02:50:00,0.0,116.6,,0.0,43.19,39.6155,,86.98,7.1,56.58,0.0,0.0,50.4422,172.9,0.0,0,7.3,50.59,0.0,6.11,,0.0,0.0,0.0,0.0,0.0,0.0,0.0,28.5,0.0,1603.0,1058.25,23.3,0.01,2.385,34.06,0.0,56.45,18.302,29.5,0.0,242.65,0.0,0.0,0.0,9.7,42.8,0.81,6.31,117.87,,0.0,134.534,0.0,0.0,0.0,903.07,22.9,0.0,12.02,4.4,28.69,,,0.0,52.2,0.0,67.2,0.0,
2024-10-28 02:55:00,0.0,112.0,,0.0,42.929,39.4385,,82.85,9.8,56.75,0.0,0.0,47.8126,172.6,0.0,0,7.3,53.13,0.0,9.34,,0.0,0.0,0.0,0.0,0.0,0.0,0.0,29.3,0.0,1597.0,1053.0,25.5,0.01,2.7,36.7,0.0,56.27,17.1163,28.0,0.0,245.53,0.0,0.0,0.0,8.0,37.2,0.81,6.25,125.04,,0.0,131.138,0.0,0.0,0.0,900.03,22.3,0.0,12.5,4.2,26.9505,,,0.0,56.64,0.0,67.68,0.0,
2024-10-28 03:00:00,0.0,114.2,,0.0,48.511,31.7479,,88.21,11.0,56.64,0.0,0.0,47.6795,172.4,0.0,0,7.3,51.76,0.0,12.19,,0.0,0.0,0.0,0.0,0.0,0.0,0.0,28.9,0.0,1597.0,1072.5,23.9,0.01,2.79,44.49,0.0,54.65,18.9764,27.7,0.0,230.67,0.0,0.0,0.0,12.9,33.0,0.81,5.38,119.41,,0.0,138.613,0.0,0.0,0.0,903.072,20.4,0.0,18.13,5.5,23.6362,,,0.0,48.12,0.0,78.42,0.0,
2024-10-28 03:05:00,0.0,120.9,,0.0,47.299,31.986,,92.7,11.8,56.22,0.0,0.0,46.1107,172.2,0.0,0,7.3,58.43,0.0,14.26,,0.0,0.0,0.0,0.0,0.0,0.0,0.0,28.4,0.0,1602.0,1090.5,20.3,0.01,3.12,55.66,0.0,59.05,21.836,29.8,0.0,215.97,0.0,0.0,0.0,18.0,28.0,0.81,4.9,120.01,,0.0,146.647,0.0,0.0,0.0,907.995,15.8,0.0,23.2,4.1,23.8498,,,0.0,44.02,0.0,68.83,0.0,
2024-10-28 03:10:00,0.0,121.8,,0.0,49.736,29.1417,,88.5,11.5,56.48,0.0,0.0,50.8334,172.1,0.0,0,7.3,58.59,0.0,15.85,,0.0,0.0,0.0,0.0,0.0,0.0,0.0,28.1,0.0,1584.0,1123.5,21.8,0.01,2.505,74.21,0.0,52.45,21.8741,40.6,0.0,200.63,0.0,0.0,0.0,16.2,31.0,0.81,5.59,140.66,,0.0,148.075,0.0,0.0,0.0,894.48,15.2,0.0,39.15,4.2,24.4907,,,0.0,40.76,0.0,57.02,0.0,
2024-10-28 03:15:00,0.0,114.2,,0.0,47.612,32.0897,,88.76,11.1,56.51,0.0,0.0,52.779,172.2,0.0,0,7.3,68.22,0.0,11.27,,0.0,0.0,0.0,0.0,0.0,0.0,0.0,29.0,0.0,1534.0,1044.0,22.9,0.01,2.49,88.96,0.0,53.34,22.7149,34.7,0.0,201.61,0.0,0.0,0.0,14.9,34.1,0.81,5.55,151.07,,0.0,154.416,0.0,0.0,0.0,901.471,11.0,0.0,47.42,5.2,25.9373,,,0.0,45.0,0.0,51.75,0.0,
2024-10-28 03:20:00,0.0,106.6,,0.0,49.249,36.5331,,84.67,11.0,56.41,0.0,0.0,58.9271,172.8,0.0,0,7.3,72.47,0.0,8.83,,0.0,0.0,0.0,0.0,0.0,0.0,0.0,28.2,0.0,1584.0,965.625,20.7,0.01,2.385,84.0,0.0,52.97,23.1269,24.2,0.0,205.19,0.0,0.0,0.0,13.9,38.7,0.81,5.2,159.08,,0.0,156.041,0.0,0.0,0.0,901.094,9.1,0.0,46.19,7.1,27.7562,,,0.0,39.68,0.0,38.01,0.0,
2024-10-28 03:25:00,0.0,108.9,,0.0,53.882,37.1374,,84.01,11.5,56.72,0.0,0.0,57.1351,172.3,0.0,0,7.3,74.69,0.0,8.08,,0.0,0.0,0.0,0.0,0.0,0.0,0.0,29.2,0.0,1597.0,984.75,17.2,0.01,2.175,79.47,0.0,46.69,22.8263,25.5,0.0,223.09,0.0,0.0,0.0,13.4,25.3,0.81,5.89,142.06,,0.0,154.913,0.0,0.0,0.0,911.351,10.4,0.0,42.74,7.8,25.7542,,,0.0,34.86,0.0,33.26,0.0,
2024-10-28 03:30:00,0.0,112.8,,0.0,60.822,34.5922,,91.88,12.0,56.6,0.0,0.0,58.0977,172.4,0.0,0,7.3,71.83,0.0,14.6,,0.0,0.0,0.0,0.0,0.0,0.0,0.0,28.1,0.0,1593.0,1045.12,16.1,0.01,2.07,64.82,0.0,39.98,24.2546,27.4,0.0,242.54,0.0,0.0,0.0,11.8,26.5,0.81,6.84,153.39,,0.0,156.854,0.0,0.0,0.1,894.699,9.8,0.0,35.22,8.6,25.4307,,,0.0,29.14,0.0,35.86,0.0,
2024-10-28 03:35:00,0.0,112.3,,0.0,64.182,35.0378,,101.79,14.6,56.67,0.0,0.0,59.2753,173.5,0.0,0,6.8,72.71,0.0,22.45,,0.0,0.0,0.0,0.0,0.0,0.0,0.0,27.8,0.0,1594.0,965.25,14.0,0.01,2.28,66.6,0.0,35.49,26.7434,30.8,0.0,268.4,0.0,0.0,0.0,12.3,28.2,0.81,8.87,156.14,,0.0,153.328,0.0,0.0,0.0,898.337,11.0,0.0,25.31,7.1,27.158,,,0.0,25.14,0.0,40.78,0.0,
2024-10-28 03:40:00,0.0,107.6,,0.0,69.245,37.229,,94.66,14.9,56.61,0.0,0.0,58.8452,172.9,0.0,0,7.3,71.94,0.0,16.52,,0.0,0.0,0.0,0.0,0.0,0.0,0.0,29.2,0.0,1589.0,1026.38,17.1,0.01,1.965,72.13,0.0,29.53,24.366,30.7,0.0,261.13,0.0,0.0,0.0,10.4,30.1,0.81,6.42,244.98,,0.0,154.219,0.0,0.0,0.1,892.377,8.5,0.0,27.34,7.9,28.5741,,,0.0,26.54,0.0,52.66,0.0,
2024-10-28 03:45:00,0.0,104.8,,0.0,70.668,37.2046,,98.47,14.4,56.69,0.0,0.0,58.6813,172.3,0.0,0,7.3,56.32,0.0,13.64,,0.0,0.0,0.0,0.0,0.0,0.0,0.0,28.2,0.0,1564.0,964.125,22.4,0.01,1.65,84.42,0.0,25.65,21.4911,32.8,0.0,273.91,0.0,0.0,0.0,8.2,31.0,0.81,5.85,240.34,,0.0,155.792,0.0,0.0,0.0,894.134,6.6,0.0,37.0,7.5,27.9637,,,0.0,33.08,0.0,34.23,2.63,
2024-10-28 03:50:00,0.0,100.7,,0.0,75.492,36.4965,,100.83,12.1,56.58,0.0,0.0,59.9224,172.6,0.0,0,7.3,53.92,0.0,17.63,,0.0,0.0,0.0,0.0,0.0,0.0,0.0,28.6,0.0,1571.0,899.625,28.2,0.01,1.125,76.71,0.0,20.1,20.3787,30.2,0.0,280.52,0.0,0.0,0.0,6.5,33.8,0.81,3.54,253.61,,0.0,159.427,0.0,0.0,0.0,901.347,10.2,0.0,64.61,8.5,28.513,,,0.0,35.72,0.0,29.3,0.0,
2024-10-28 03:55:00,0.0,102.6,,0.0,76.348,35.6603,,103.27,11.0,56.57,0.0,0.0,55.6339,172.4,0.0,0,7.3,46.41,0.0,19.23,,0.0,0.0,0.0,0.0,0.0,0.0,0.0,28.8,0.0,1539.0,912.0,34.5,0.01,0.915,97.97,0.0,23.44,19.0329,29.9,0.0,290.86,0.0,0.0,0.0,4.2,31.7,0.81,3.12,264.14,,0.0,161.466,0.0,0.0,0.1,902.381,9.4,0.0,47.04,8.0,28.6534,,,0.0,43.86,0.0,38.25,0.0,
2024-10-28 04:00:00,0.0,102.5,,0.0,80.565,31.6136,,96.41,12.7,56.59,0.0,0.0,51.5768,172.7,0.0,0,7.3,35.58,0.0,21.33,,0.0,0.0,0.0,0.0,0.0,0.0,0.0,28.4,0.0,1500.0,879.75,19.4,0.01,1.44,125.48,0.0,25.7,19.6585,31.3,0.0,296.53,0.0,0.0,0.0,2.1,30.8,0.81,2.89,275.17,,0.0,162.061,0.0,0.0,0.0,898.962,12.4,0.0,39.13,7.1,23.7461,,,0.0,25.1,0.0,41.13,0.0,
2024-10-28 04:05:00,0.0,101.9,,0.0,81.297,28.5802,,89.03,13.3,56.48,0.0,0.0,53.1354,172.8,0.0,0,7.3,28.27,0.0,18.96,,0.0,0.0,0.0,0.0,0.0,0.0,0.0,28.9,0.0,1501.0,955.875,19.4,0.01,1.44,108.7,0.0,23.51,18.7551,31.9,0.0,295.87,0.0,0.0,0.0,2.0,34.1,0.81,5.52,276.89,,0.0,160.765,0.0,0.0,0.0,902.099,12.6,0.0,34.07,6.4,20.798,,,0.0,22.26,0.0,47.87,0.0,
2024-10-28 04:10:00,0.0,112.0,,0.0,76.841,26.4073,,91.77,14.4,56.61,0.0,0.0,50.8006,173.0,0.0,0,7.1,30.83,0.0,25.83,,0.0,0.0,0.0,0.0,0.0,0.0,0.0,27.9,0.0,1445.0,931.875,27.2,0.01,2.07,108.63,0.0,20.76,19.2038,31.6,0.0,300.14,0.0,0.0,0.0,3.6,29.6,0.81,8.39,263.66,,0.0,155.168,0.0,0.0,0.1,894.73,12.0,0.0,37.28,6.5,19.1257,,,0.0,29.16,0.0,50.64,0.0,
2024-10-28 04:15:00,0.0,109.8,,0.0,69.293,25.5161,,91.06,11.5,56.58,0.0,0.0,54.743,173.2,0.0,0,7.3,31.6,0.0,18.66,,0.0,0.0,0.0,0.0,0.0,0.0,0.0,28.6,0.0,1464.0,954.375,31.0,0.01,1.65,102.55,0.0,18.63,20.2597,29.5,0.0,295.77,0.0,0.0,0.0,5.1,25.0,0.81,8.29,245.92,,0.0,157.797,0.0,0.0,0.0,901.125,11.2,0.0,41.65,6.9,17.7462,,,0.0,31.3,0.0,47.51,0.0,
2024-10-28 04:20:00,0.0,114.2,,0.0,67.556,28.69,,92.54,9.3,55.71,0.0,0.0,55.4926,172.6,0.0,0,7.1,36.44,0.0,15.94,,0.0,0.0,0.0,0.0,0.0,0.0,0.0,28.5,0.0,1505.0,950.25,36.4,0.01,1.035,101.65,0.0,17.48,20.9906,26.7,0.0,271.26,0.0,0.0,0.0,10.2,27.2,0.81,7.2,214.19,,0.0,158.328,0.0,0.0,0.0,902.946,14.4,0.0,41.39,7.9,20.267,,,0.0,40.16,0.0,39.56,0.0,
2024-10-28 04:25:00,0.0,107.4,,0.0,69.971,27.0787,,92.97,9.1,55.7,0.0,0.0,60.6945,173.0,0.0,0,7.3,40.57,0.0,15.12,,0.0,0.0,0.0,0.0,0.0,0.0,0.0,27.8,0.0,1553.0,959.625,34.8,0.01,1.455,101.4,0.0,18.53,22.866,23.7,0.0,242.25,0.0,0.0,0.0,7.5,30.3,0.81,5.73,202.88,,0.0,156.552,0.0,0.0,0.0,903.919,10.8,0.0,43.16,9.1,21.6281,,,0.0,40.8,0.0,34.36,0.0,
2024-10-28 04:30:00,0.0,101.8,,0.0,62.876,31.4794,,115.1,8.3,56.08,0.0,0.0,65.4848,172.6,0.0,0,7.1,36.52,0.0,14.18,,0.0,0.0,0.0,0.0,0.0,0.0,0.0,25.0,0.0,1554.0,955.5,29.9,0.01,1.545,93.83,0.0,24.66,22.3853,21.1,0.0,218.69,0.0,0.0,0.0,4.1,37.6,0.81,5.24,208.9,,0.0,152.067,0.0,0.0,0.0,900.846,10.5,0.0,34.76,7.3,23.1418,,,0.0,38.48,0.0,28.36,0.0,
2024-10-28 04:35:00,0.0,72.3,,0.0,65.952,32.7916,,108.07,7.8,54.82,0.0,0.0,61.782,172.3,0.0,0,6.5,28.21,0.0,11.78,,0.0,0.0,0.0,0.0,0.0,0.0,0.0,23.1,0.0,1553.0,951.0,30.0,0.01,2.28,98.86,0.0,22.7,19.2465,21.3,0.0,198.13,0.0,0.0,0.0,5.1,36.6,0.81,7.36,224.14,,0.0,149.585,0.0,0.0,0.0,906.99,13.6,0.0,44.29,8.0,23.9658,,,0.0,38.3,0.0,32.1,3.16,
2024-10-28 04:40:00,0.0,85.9,,0.0,70.938,30.631,,97.14,8.3,50.92,0.0,0.0,59.7012,172.5,0.0,0,5.6,29.51,0.0,10.27,,0.0,0.0,0.0,0.0,0.0,0.0,0.0,17.3,0.0,1556.0,971.625,29.0,0.01,2.61,86.16,0.0,22.16,18.5202,22.1,0.0,183.1,0.0,0.0,0.0,5.9,43.1,0.81,9.47,257.12,,0.0,143.296,0.0,0.0,0.0,898.714,11.7,0.0,32.04,7.3,24.7471,,,0.0,29.96,0.0,37.04,2.23,
2024-10-28 04:45:00,0.0,86.3,,0.0,73.483,31.5099,,91.85,10.3,49.89,0.0,0.0,55.5438,172.3,0.0,0,5.1,34.88,0.0,8.89,,0.0,0.0,0.0,0.0,0.0,0.0,0.0,16.4,0.0,1553.0,935.25,25.2,0.01,2.985,77.94,0.0,20.09,18.6743,22.9,0.0,186.36,0.0,0.0,0.0,9.0,45.8,0.81,7.57,280.19,,0.0,142.581,0.0,0.0,0.1,898.242,12.0,0.0,34.96,7.3,25.5222,,,0.0,29.54,0.0,42.94,2.42,
2024-10-28 04:50:00,0.0,90.7,,0.0,78.182,27.805,,103.34,13.3,49.67,0.0,0.0,53.9382,172.6,0.0,0,5.1,39.06,0.0,9.67,,0.0,0.0,0.0,0.0,0.0,0.0,0.0,16.4,0.0,1550.0,944.25,25.7,0.01,3.015,75.96,0.0,21.49,16.9683,25.2,0.0,173.53,0.0,0.0,0.0,12.7,49.0,0.81,7.63,299.57,,0.0,135.934,0.0,0.0,0.0,897.427,16.0,0.0,39.73,5.8,23.6728,,,0.0,28.64,0.0,43.6,2.25,
2024-10-28 04:55:00,0.0,98.6,,0.0,86.718,25.5406,,113.59,12.5,48.17,0.0,0.0,53.9648,172.1,0.0,0,6.5,44.16,0.0,9.55,,0.0,0.0,0.0,0.0,0.0,0.0,0.0,16.6,0.0,1522.0,939.375,25.8,0.01,2.7,77.61,0.0,16.41,20.0369,25.0,0.0,147.06,0.0,0.0,0.0,15.4,45.2,0.81,9.09,287.53,,0.0,141.175,0.0,0.0,0.1,888.958,15.8,0.0,33.76,6.4,22.7939,,,0.0,35.82,0.0,44.48,2.34,
2024-10-28 05:00:00,0.0,103.7,,0.0,78.79,31.4061,,123.79,11.0,54.15,0.0,0.0,60.0678,172.9,0.0,0,6.9,45.87,0.0,9.83,,0.0,0.0,0.0,0.0,0.0,0.0,0.0,19.2,0.0,1475.0,941.625,24.3,0.01,2.415,73.9,0.0,15.75,21.0883,25.0,0.0,113.37,0.0,0.0,0.0,16.0,53.2,0.81,9.82,244.81,,0.0,142.971,0.0,0.0,0.0,896.925,13.4,0.0,35.56,6.7,27.7684,,,0.0,38.44,0.0,48.06,2.43,
2024-10-28 05:05:00,0.0,86.8,,0.0,78.465,32.5658,,112.09,10.1,54.19,0.0,0.0,64.1167,172.7,0.0,0,5.5,44.18,0.0,9.07,,0.0,0.0,0.0,0.0,0.0,0.0,0.0,18.7,0.0,1518.0,973.5,23.7,0.01,2.925,77.15,0.0,18.01,20.1682,25.9,0.0,107.86,0.0,0.0,0.0,18.5,46.5,0.81,7.95,227.52,,0.0,150.123,0.0,0.0,0.0,922.853,16.3,0.0,33.84,5.9,26.566,,,0.0,36.12,0.0,54.32,2.57,
2024-10-28 05:10:00,0.0,87.5,,0.0,82.07,31.4611,,106.15,10.8,50.13,0.0,0.0,63.7645,172.4,0.0,0,5.7,48.34,0.0,8.04,,0.0,0.0,0.0,0.0,0.0,0.0,0.0,14.7,0.0,1542.0,1044.0,24.2,0.01,3.255,74.23,0.0,20.02,14.1469,25.2,0.0,119.21,0.0,0.0,0.0,16.3,46.8,0.81,7.22,233.88,,0.0,155.215,0.0,0.0,0.0,946.462,18.4,0.0,34.53,4.9,25.9495,,,0.0,31.22,0.0,65.99,3.01,
2024-10-28 05:15:00,0.0,83.5,,0.0,77.651,32.9381,,104.95,11.8,44.38,0.0,0.0,53.9669,172.7,0.0,0,4.3,50.22,0.0,8.28,,0.0,0.0,0.0,0.0,0.0,0.0,0.0,14.5,0.0,1575.0,1077.38,25.4,0.01,3.39,70.05,0.0,21.5,18.7628,28.4,0.0,140.1,0.0,0.0,0.0,17.0,45.3,0.81,7.5,243.26,,0.0,156.327,0.0,0.0,0.0,975.996,17.2,0.0,32.88,4.2,27.396,,,0.0,31.78,0.0,72.84,3.62,
2024-10-28 05:20:00,0.0,87.8,,0.0,75.525,27.3411,,100.22,12.1,45.82,0.0,0.0,61.4789,172.3,0.0,0,4.7,49.81,0.0,8.61,,0.0,0.14,0.0,0.0,0.0,0.0,0.0,12.6,0.0,1588.0,991.125,28.7,0.01,3.705,67.42,0.0,28.4,17.9922,32.3,0.0,127.05,0.0,0.0,0.0,19.5,46.1,0.81,8.67,238.17,,0.0,155.446,0.0,0.02,0.1,1004.28,17.5,0.0,36.54,3.9,23.0075,,,0.15,34.22,0.0,68.88,3.68,
2024-10-28 05:25:00,0.0,103.7,,0.0,73.016,25.7725,,110.17,12.5,44.17,0.0,0.0,65.8842,172.9,0.0,0,4.9,59.58,0.0,12.75,,0.1,0.53,0.0,0.0,0.0,0.0,0.0,15.0,0.0,1595.0,1024.12,33.1,0.01,4.245,71.12,0.0,31.11,18.1738,29.3,0.0,115.82,0.0,0.0,0.0,21.1,47.6,0.81,7.98,238.16,,0.0,152.621,0.0,0.38,0.0,1013.53,16.2,0.0,37.38,4.3,21.2619,,,0.49,39.94,0.0,60.96,3.34,
2024-10-28 05:30:00,0.0,98.6,,0.0,76.737,27.0298,,112.11,13.8,44.58,0.0,0.0,71.9708,172.9,0.0,0,5.5,61.86,0.0,12.42,,0.2,1.08,0.0,0.0,0.0,0.0,0.0,15.5,0.0,1590.0,1026.0,34.1,0.01,4.155,74.53,0.0,28.25,14.4414,28.0,0.0,112.31,0.0,0.0,0.0,21.0,46.8,0.81,8.94,245.31,,0.0,159.469,0.0,0.71,0.1,1011.49,17.2,0.0,34.65,4.7,21.6342,,,1.13,48.12,0.0,55.92,3.26,
2024-10-28 05:35:00,0.0,111.2,,0.77,70.454,23.7949,,107.07,11.6,45.65,0.0,0.0,73.089,172.5,0.0,0,6.3,69.71,0.0,12.28,,0.4,1.62,0.0,0.0,0.0,0.2,0.0,17.7,0.0,1594.0,986.25,31.1,0.01,4.26,89.4,0.0,34.06,14.4307,24.1,0.0,99.83,0.0,0.0,0.62,19.8,41.3,0.81,9.57,230.47,,0.0,163.4,0.0,1.01,0.0,1021.3,15.2,0.0,32.22,5.9,21.7563,,,1.76,39.34,0.0,62.49,3.09,
2024-10-28 05:40:00,0.0,105.0,,0.7,72.034,24.2283,,106.86,11.7,49.23,0.0,0.0,73.4577,172.5,0.0,0,6.9,73.69,0.0,8.09,,0.8,2.03,0.0,0.0,0.0,0.5,0.71336,18.6,0.0,1596.0,1024.88,32.2,0.01,5.13,81.63,0.0,39.45,15.0685,24.9,0.0,113.79,0.0,0.0,0.86,17.6,39.3,0.81,9.13,212.65,,0.0,165.231,0.2,1.26,0.0,1016.22,15.6,0.34,32.62,5.0,21.9028,,,2.11,37.56,0.0,59.42,2.97,
2024-10-28 05:45:00,0.0,99.3,,1.16,72.176,26.2608,,108.4,12.4,50.19,0.0,0.0,72.0691,172.7,0.0,0,6.1,68.85,0.0,8.84,,1.3,2.65,0.0,0.0,0.0,1.0,2.01038,19.0,0.0,1590.0,1101.0,34.8,0.01,5.325,71.36,0.0,37.33,15.7506,23.0,0.0,119.99,0.0,0.0,1.23,17.7,41.9,0.81,8.93,207.79,,0.0,165.286,0.3,2.14,0.0,1032.34,13.6,0.52,34.75,3.6,20.2182,,,2.43,37.4,0.0,49.88,2.68,
2024-10-28 05:50:00,0.0,103.1,,1.87,76.727,24.3626,,99.68,13.3,52.37,0.0,0.0,71.381,172.3,0.0,0,5.3,62.49,0.0,8.58,,2.3,9.9,0.0,0.0,0.0,1.9,3.29976,18.8,0.0,1586.0,1126.5,37.1,0.01,5.655,63.56,0.0,40.39,15.7155,19.0,0.0,119.7,0.0,0.0,3.84,18.8,38.3,0.81,9.04,224.48,,0.0,164.366,1.9,6.03,0.0,1039.21,14.2,1.03,36.58,1.9,18.2345,,,7.26,47.88,0.0,51.62,2.9,
2024-10-28 05:55:00,0.0,102.2,,3.15,71.375,24.7349,,97.75,14.8,48.25,0.0,0.0,69.0586,172.4,0.0,0,5.3,70.23,0.0,8.7,,3.7,15.18,0.0,0.0,0.0,3.5,7.65621,18.5,0.0,1590.0,1141.5,33.1,0.01,5.94,74.35,0.0,43.45,16.5059,18.2,0.0,130.6,0.0,0.0,11.69,22.6,35.7,0.81,8.59,217.95,,0.0,160.192,4.3,8.89,0.0,1054.03,11.5,1.76,33.53,2.9,20.3464,,,13.95,57.06,0.0,51.71,3.51,
2024-10-28 06:00:00,0.0,109.8,,4.84,71.804,22.4338,,101.7,14.0,47.69,0.0,0.0,68.7759,172.6,0.0,0,6.3,72.59,0.0,7.08,,5.4,21.1,0.0,0.0,0.0,5.5,13.2029,19.2,0.0,1589.0,1101.75,32.1,0.01,6.165,69.67,0.0,42.23,16.1336,18.5,0.0,130.36,0.0,0.0,15.52,22.0,38.3,0.81,8.77,218.8,,0.0,156.984,7.2,11.72,0.0,1034.5,14.9,2.57,32.32,3.1,17.9049,,,19.13,59.54,0.0,57.27,3.83,
2024-10-28 06:05:00,0.0,128.2,,7.14,76.773,21.8601,,102.31,13.2,53.38,0.0,0.0,68.1001,172.8,0.0,0,6.1,73.79,0.0,8.65,,7.5,25.75,0.0,0.0,0.0,8.4,20.8934,19.3,0.0,1609.0,1134.38,32.5,0.01,6.585,64.06,0.0,39.58,17.6473,20.7,0.0,119.51,0.0,0.0,19.79,22.4,40.3,0.81,9.44,221.13,,0.0,160.34,11.1,14.87,0.1,1033.06,14.6,6.05,22.89,3.5,18.4665,,,23.89,54.36,0.0,57.36,3.82,
2024-10-28 06:10:00,0.0,129.8,,9.64,77.966,24.5029,,103.23,15.5,55.3,0.0,0.0,68.3991,171.9,0.0,0,6.1,77.92,0.0,9.83,,9.7,31.31,0.0,0.0,0.0,11.9,29.9268,19.0,0.0,1605.0,1140.38,31.6,0.01,5.91,61.07,0.0,36.48,20.2048,20.0,0.0,121.4,0.0,0.0,24.06,22.9,42.0,0.81,8.39,218.18,,0.0,158.638,15.3,18.11,0.0,1061.02,12.9,6.8,22.32,3.0,21.2741,,,28.83,58.36,0.0,59.6,4.01,
2024-10-28 06:15:00,0.0,130.3,,12.74,71.297,27.042,,99.55,13.1,56.11,0.0,0.0,72.2821,173.3,0.0,0,6.5,75.73,0.0,11.31,,12.2,35.53,0.0,0.0,0.0,15.7,38.7312,19.0,0.0,1588.0,1139.25,29.4,0.01,5.28,70.81,0.0,36.46,20.8029,18.7,0.0,117.56,0.0,0.0,28.33,22.2,36.3,0.81,8.81,220.91,,0.0,157.605,20.4,21.83,0.0,1064.66,12.5,10.78,34.06,3.6,22.8183,,,33.96,51.08,0.0,58.22,3.98,
2024-10-28 06:20:00,0.0,133.5,,15.9,72.177,28.0247,,98.74,13.8,56.7,0.0,0.0,73.0481,173.0,0.0,0,6.7,73.19,0.0,10.22,,14.7,39.43,0.0,0.0,0.0,19.5,51.1521,18.3,0.0,1602.0,1062.0,29.9,0.01,4.875,70.75,0.0,38.53,21.5598,17.6,0.0,126.14,0.0,0.0,32.95,21.0,36.5,0.81,8.73,227.22,,0.0,157.891,25.7,25.43,0.1,1052.69,16.3,15.43,42.06,4.0,24.21,,,39.47,53.06,0.0,56.48,4.22,
2024-10-28 06:25:00,0.0,133.0,,19.6,70.635,29.514,,103.37,12.7,55.54,0.0,0.0,69.1405,172.2,0.0,0,6.8,66.45,0.0,8.79,,17.2,44.75,0.0,0.0,0.0,25.1,61.9936,18.2,0.0,1583.0,1032.0,28.8,0.01,4.98,62.16,0.0,31.55,21.2684,18.6,0.0,121.39,0.0,0.0,37.54,19.6,37.4,0.81,8.0,251.59,,0.0,156.63,31.3,29.79,0.1,1024.31,11.4,16.21,36.6,4.4,26.4134,,,44.82,52.38,0.0,51.27,4.52,
2024-10-28 06:30:00,0.0,127.7,,23.09,68.484,31.6381,,98.11,12.3,56.19,0.0,0.0,63.9468,172.4,0.0,0,7.1,60.92,0.0,9.7,,19.7,51.56,0.0,0.0,0.0,29.7,75.8488,19.6,0.0,1538.0,950.625,28.8,0.01,3.825,59.64,0.0,30.67,20.7648,19.9,0.0,120.93,0.0,0.0,42.09,18.5,33.1,0.81,8.52,287.91,,0.0,160.186,36.3,32.65,0.0,1019.42,11.7,22.97,33.01,4.1,26.8895,,,50.65,50.64,0.0,51.33,4.76,
2024-10-28 06:35:00,0.0,135.9,,27.01,64.858,33.7865,,108.69,11.6,56.37,0.0,0.0,66.8549,171.7,0.0,0,7.3,58.95,0.0,12.44,,22.4,58.07,0.0,0.0,0.0,34.9,78.893,19.2,0.0,1481.0,962.625,27.3,0.01,4.365,58.07,0.0,30.36,21.4011,17.9,0.0,122.85,0.0,0.0,46.66,18.5,30.7,0.81,9.5,312.08,,0.0,151.469,42.5,35.16,0.0,986.654,10.9,25.3,28.84,3.5,27.9149,,,56.38,35.96,0.0,38.58,4.74,
2024-10-28 06:40:00,0.0,138.8,,30.91,61.789,32.5841,,106.57,10.4,53.08,0.0,0.0,61.1287,98.6,0.0,0,7.3,56.95,0.0,13.95,,24.8,64.32,0.0,0.0,0.0,39.9,101.934,18.9,0.0,1445.0,941.625,25.6,0.01,4.365,57.11,0.0,29.14,19.895,16.5,0.0,147.63,0.0,0.0,51.16,18.1,32.5,0.81,8.55,308.94,,0.0,150.637,48.5,41.6,0.0,964.489,9.0,31.13,39.19,4.1,27.6463,,,62.42,31.94,0.0,34.91,4.48,
2024-10-28 06:45:00,0.0,130.4,,34.7,65.511,32.4437,,103.37,10.4,52.95,0.0,0.0,61.2659,3.9,0.0,0,7.3,56.69,0.0,13.52,,27.4,70.79,0.0,0.0,0.0,44.6,115.095,17.0,0.0,1420.0,912.375,23.6,0.01,4.56,61.62,0.0,26.02,18.1768,15.3,0.0,147.32,0.0,0.0,54.28,15.8,28.8,0.81,8.19,292.06,,0.0,151.462,54.0,45.86,0.0,943.795,6.7,31.7,41.76,4.6,24.2588,,,68.31,31.46,0.0,29.89,4.51,
2024-10-28 06:50:00,0.0,123.7,,31.94,71.185,27.2862,,104.08,11.0,52.0,0.0,0.0,59.007,4.6,0.0,0,6.9,57.26,0.0,13.24,,30.0,76.69,0.0,0.0,0.0,49.5,114.302,15.8,0.0,1464.0,991.875,28.9,0.01,3.84,62.2,0.0,28.49,13.0314,16.5,0.0,159.66,0.0,0.0,55.8,14.7,27.6,0.81,8.4,279.37,,0.0,151.746,59.2,49.84,0.0,918.086,7.4,32.4,38.16,5.0,20.3769,,,74.2,35.9,0.0,30.38,4.97,
2024-10-28 06:55:00,0.0,114.0,,35.27,73.1,21.7807,,105.03,9.6,52.38,0.0,0.0,55.6483,0.0,0.0,0,5.1,51.01,0.0,13.3,,32.5,81.95,0.0,0.0,0.0,54.0,133.879,18.3,0.0,1395.0,918.0,26.0,0.01,3.0,66.29,0.0,25.56,9.31577,16.1,0.0,163.76,0.0,0.0,57.31,13.9,24.9,0.81,8.82,271.96,,0.0,149.425,64.3,53.75,0.0,902.004,7.7,36.75,33.65,4.7,16.1288,,,80.07,31.9,0.0,31.78,5.1,
2024-10-28 07:00:00,0.0,112.8,,38.73,71.828,20.2182,,110.09,10.8,53.32,0.0,0.0,56.7849,0.0,0.0,0,4.9,46.1,0.0,14.67,,34.7,87.37,0.0,0.0,0.0,58.9,129.461,17.9,0.0,1395.0,874.5,20.6,0.01,2.67,60.36,0.0,24.51,7.07266,0.0,0.0,186.78,0.0,0.0,58.73,14.9,23.1,0.81,1.63,254.65,,0.0,147.5,45.2,57.52,0.0,914.609,6.8,38.21,27.77,5.2,13.6324,,,85.72,29.2,0.0,33.02,5.18,
2024-10-28 07:05:00,0.0,93.1,,17.7,70.863,18.7228,,112.14,12.5,56.46,0.0,0.0,57.0962,0.0,0.0,0,5.2,41.27,0.0,13.48,,36.6,93.42,0.0,0.0,0.0,63.1,123.739,15.9,0.0,1355.0,840.0,17.4,0.01,2.565,59.32,0.0,21.88,5.29801,0.0,0.0,178.77,36.6899986267,0.0,60.24,13.2,25.3,0.81,0.0,228.23,,0.0,149.157,20.3,61.36,0.0,892.129,9.9,42.83,26.37,5.5,10.5562,,,90.84,25.46,0.0,26.93,4.07,
2024-10-28 07:10:00,0.0,110.9,,23.87,58.84,13.0404,,110.47,12.9,54.19,0.0,0.0,60.7478,0.0,0.0,0,5.1,47.53,0.0,16.35,,37.9,98.6,0.0,0.0,0.0,67.8,170.127,14.0,0.0,1312.0,879.0,17.4,0.01,2.04,64.57,0.0,22.28,3.0839,17.5,0.0,79.4,34.8400001526,0.0,61.47,9.4,28.0,0.81,8.03,221.23,,0.0,149.198,23.2,64.69,0.0,867.141,7.5,48.12,29.51,6.4,8.39551,,,96.61,25.44,0.0,22.82,3.5,
2024-10-28 07:15:00,0.0,117.7,,24.63,62.422,8.29786,,111.07,13.3,55.68,0.0,0.0,59.9982,0.0,0.0,0,4.4,43.09,0.0,14.16,,39.0,102.9,0.0,0.0,0.0,72.5,184.63,11.7,0.0,1248.0,886.875,18.5,0.01,1.95,72.74,0.0,17.95,1.82806,14.3,0.0,81.1,0.0,0.0,62.78,8.5,30.0,0.81,0.54,234.69,,0.0,147.504,24.7,68.4,0.0,840.176,9.8,56.78,35.72,7.5,5.13619,,,101.29,25.18,0.0,19.68,3.53,
2024-10-28 07:20:00,0.0,112.2,,21.17,56.295,8.29175,,111.91,13.0,55.07,0.0,0.0,59.7443,0.0,0.0,0,3.6,40.33,0.0,12.79,,39.8,106.32,0.0,0.0,0.0,76.7,190.185,11.7,0.0,1202.0,840.0,20.0,0.01,1.545,85.2,0.0,15.24,2.40944,16.0,0.0,72.7,0.0,0.0,63.75,6.6,25.3,0.81,0.0,257.44,,0.0,148.073,21.3,72.29,0.0,844.001,9.9,64.39,38.65,8.4,5.48409,,,102.0,28.74,0.0,22.39,2.63,
2024-10-28 07:25:00,0.0,108.4,,0.79,55.902,8.62135,,109.88,14.2,50.92,0.0,0.0,61.1758,0.0,0.0,0,2.1,48.51,0.0,1.34,,40.5,108.07,0.0,0.0,0.0,73.8,195.541,12.0,0.0,1152.0,763.875,22.1,0.01,1.56,76.08,0.0,0.0,2.89468,0.0,0.0,69.7,107.910003662,0.0,64.64,5.8,28.5,0.81,0.0,277.33,,0.0,145.438,2.3,75.81,0.1,839.551,9.3,66.49,38.45,9.3,5.96017,,,102.01,24.4,0.0,1.19,1.76,
2024-10-28 07:30:00,0.0,119.3,,0.46,65.366,8.79835,,109.68,13.2,49.84,0.0,0.0,60.0371,0.0,0.0,0,2.0,44.75,0.0,0.0,,41.4,28.03,0.0,0.0,0.0,71.0,200.088,12.5,0.0,1116.0,688.875,18.3,0.01,1.47,77.15,0.0,0.0,3.47301,0.0,0.0,64.6,169.369995117,0.0,65.05,6.3,26.3,0.81,0.0,288.09,,0.0,151.058,0.1,79.09,0.0,844.41,9.8,64.0,34.47,8.3,7.38231,,,102.03,23.16,0.0,0.0,1.87,
2024-10-28 07:35:00,0.0,99.6,,0.49,64.295,11.6121,,114.77,14.2,54.52,0.0,0.0,63.6826,0.0,0.0,0,3.9,56.51,0.0,0.0,,42.1,108.91,0.0,0.0,0.0,72.3,198.844,16.0,0.0,1050.0,633.0,19.9,0.01,1.455,81.75,0.0,0.0,7.13828,0.0,0.0,0.5,380.779998779,0.0,65.02,7.2,23.2,0.81,0.0,301.4,,0.0,156.787,0.1,82.34,0.1,813.465,7.4,65.12,40.08,7.8,11.2215,,,101.98,21.16,0.0,0.0,1.66,
2024-10-28 07:40:00,0.0,103.7,,66.16,61.87,14.4137,,116.26,16.3,53.54,0.0,0.0,64.4833,0.0,0.0,0,2.9,61.65,0.0,15.5,,42.6,109.1,0.0,0.0,0.0,78.0,198.905,15.0,0.0,1081.0,708.0,26.9,0.01,1.995,90.98,0.0,15.14,7.36564,0.0,0.0,0.0,0.0,0.0,65.02,6.6,22.0,0.9,6.24,305.08,,0.0,154.967,59.8,84.75,0.0,792.554,10.0,70.06,41.0,8.4,13.9559,,,101.99,25.94,0.0,32.42,1.61,
2024-10-28 07:45:00,0.0,126.8,,0.69,54.673,18.7106,,118.11,18.7,51.42,0.0,0.0,60.7048,0.0,0.0,0,3.4,67.18,0.0,1.24,,43.7,2.59,0.0,0.0,0.0,77.7,200.004,0.5,0.0,1070.0,647.625,30.6,0.01,2.1,43.5,0.0,0.0,8.66726,26.6,0.0,0.2,481.779998779,0.0,65.01,9.1,18.1,0.81,0.6,303.14,,0.0,154.675,7.9,39.7,0.1,772.927,7.5,69.97,1.33,7.8,0.60731,,,101.94,15.26,0.0,1.56,1.32,
2024-10-28 07:50:00,0.0,115.3,,40.64,55.071,21.3901,,128.62,16.1,52.78,0.0,0.0,60.7785,0.0,0.0,0,2.9,59.36,0.0,18.55,,43.7,89.32,0.0,0.0,0.0,80.9,197.395,15.5,0.0,1023.0,699.75,31.7,0.01,2.01,71.13,0.0,34.28,11.8046,23.9,0.0,12.16,0.0,0.0,65.01,9.7,17.5,0.81,10.86,313.14,,0.0,157.986,36.4,84.88,0.0,741.042,6.7,71.03,37.65,7.3,14.3648,,,101.99,62.26,0.0,25.22,0.73,
2024-10-28 07:55:00,0.0,125.2,,5.5,63.714,23.0442,,124.72,21.5,52.52,0.0,0.0,64.0328,0.0,0.0,0,3.0,42.21,0.0,1.62,,44.8,3.09,0.0,0.0,0.0,83.9,199.859,15.8,0.0,1035.0,663.375,30.7,0.01,2.43,41.74,0.0,0.0,11.3865,0.0,0.0,0.2,509.100006104,0.0,65.0,11.2,17.5,0.81,1.33,293.05,,0.0,159.681,9.0,8.34,0.0,740.292,8.9,72.19,37.15,5.2,7.80346,,,102.01,16.2,0.0,1.34,0.32,
2024-10-28 08:00:00,0.0,102.3,,35.04,54.033,27.7439,,119.72,21.6,54.22,0.0,0.0,52.8937,0.0,0.0,0,2.7,66.72,0.0,30.65,,45.1,88.42,0.0,0.0,0.0,86.6,197.776,15.3,0.0,972.0,699.75,35.2,0.01,3.945,72.52,0.0,50.75,7.73949,0.0,0.0,14.08,0.0,0.0,64.98,16.8,19.3,0.81,10.31,295.26,,0.0,158.941,33.3,85.15,0.0,695.457,6.9,73.13,43.65,8.4,15.9884,,,102.0,62.98,0.0,15.05,1.97,
2024-10-28 08:05:00,0.0,116.8,,27.74,52.365,16.3424,,112.39,20.5,53.67,0.0,0.0,61.2332,0.0,0.0,0,2.5,47.89,0.0,2.86,,45.4,2.94,0.0,0.0,0.0,87.8,199.577,17.4,0.0,984.0,658.125,38.7,0.01,4.065,43.56,0.0,0.0,0.0,30.7,0.0,0.2,531.299987793,0.0,64.97,15.8,20.9,0.81,1.5,250.74,,0.0,162.045,28.6,2.03,0.0,707.471,6.2,74.11,45.74,6.6,9.10353,,,102.0,16.24,0.0,0.39,1.52,
2024-10-28 08:10:00,0.0,114.9,,29.79,52.469,36.0388,,117.8,20.5,55.11,0.0,0.0,63.4245,0.0,0.0,0,2.0,98.65,0.0,33.61,,45.4,90.47,0.0,0.0,0.0,87.9,199.531,14.1,0.0,939.0,700.875,35.9,0.01,5.97,98.53,0.0,46.75,12.064,27.4,0.0,10.41,1.69000005722,0.0,65.01,16.1,20.6,0.81,10.07,329.78,,0.0,156.544,29.9,85.05,0.0,690.418,6.2,75.15,58.77,7.6,17.4105,,,101.92,45.28,0.0,26.22,1.49,
2024-10-28 08:15:00,0.0,120.7,,0.58,52.59,4.00702,,116.95,22.1,55.24,0.0,0.0,56.2524,0.0,0.0,0,2.7,45.47,0.0,2.92,,45.4,3.04,0.0,0.0,0.0,88.0,199.599,0.6,0.0,927.0,632.625,33.1,0.01,5.535,44.66,0.0,0.0,0.0,0.0,0.0,0.0,694.809997559,0.0,65.0,15.9,20.3,0.81,0.95,245.77,,0.0,156.545,3.1,8.34,0.0,695.591,8.3,76.231,2.87,7.6,1.71817,,,101.98,16.02,0.0,1.28,1.77,
2024-10-28 08:20:00,0.0,108.9,,0.98,48.416,0.0,,116.76,19.9,54.8,0.0,0.0,56.3261,0.0,0.0,0,2.5,1.51,0.0,0.0,,45.4,0.15,0.0,0.0,0.0,50.7,199.355,13.7,0.0,893.0,561.375,30.5,0.01,4.47,40.14,0.0,0.0,0.0,0.0,0.0,11.55,650.869995117,0.0,65.0,16.3,23.2,0.81,0.0,278.41,,0.0,156.34,0.1,2.12,0.1,684.492,8.3,43.66,71.64,8.9,0.0,,,102.0,0.0,0.0,0.0,0.53,
2024-10-28 08:25:00,0.0,105.3,,0.5,43.257,39.3896,,125.08,19.0,53.61,0.0,0.0,55.5622,0.0,0.0,0,2.5,43.75,0.0,0.0,,45.4,0.12,0.0,0.0,0.0,43.2,196.868,16.6,0.0,847.0,520.875,28.8,0.01,4.98,127.7,0.0,0.0,13.5929,0.0,0.0,0.0,460.220001221,0.0,65.0,16.4,22.7,0.81,0.0,335.95,,0.0,149.074,0.1,85.05,0.1,681.168,8.6,38.95,52.57,8.6,19.3332,,,101.99,28.0,0.0,0.0,1.16,
2024-10-28 08:30:00,0.0,120.4,,0.52,40.008,41.6602,,127.29,16.7,55.55,0.0,0.0,55.4127,0.0,0.0,0,1.4,41.11,0.0,0.0,,45.4,0.14,0.0,0.0,0.0,43.1,198.493,2.3,0.0,855.0,500.625,30.5,0.01,3.9,83.98,0.0,0.0,13.5792,0.0,0.0,0.1,393.239990234,0.0,65.0,14.7,21.4,0.81,0.0,297.52,,0.0,150.477,0.1,84.91,0.0,698.82,10.9,38.83,2.25,4.1,19.8459,,,101.96,26.58,0.0,0.0,3.22,
2024-10-28 08:35:00,0.0,115.2,,0.46,43.76,40.3113,,122.83,20.5,56.5,0.0,0.0,60.4119,0.0,0.0,0,4.1,39.41,0.0,0.0,,45.4,88.9,0.0,0.0,0.0,39.5,197.684,0.0,0.0,814.0,500.25,30.5,0.01,3.39,70.99,0.0,47.02,15.2058,0.0,0.0,0.4,409.600006104,0.0,65.05,15.9,18.1,0.81,0.0,256.11,,0.0,153.5,0.1,84.98,0.0,675.27,11.8,35.62,14.84,6.5,18.4176,,,101.98,30.98,0.0,51.23,1.74,
2024-10-28 08:40:00,0.0,119.0,,0.51,47.281,39.7925,,123.68,17.4,53.48,0.0,0.0,59.5067,0.0,0.0,0,5.2,36.41,0.0,0.0,,45.4,3.79,0.0,0.0,0.0,44.9,199.424,0.0,0.0,827.0,499.875,37.9,0.01,4.665,39.86,0.0,0.0,16.0359,0.0,0.0,0.0,592.190002441,0.0,64.96,13.9,15.8,0.81,0.0,220.73,,0.0,146.88,0.1,85.02,0.1,677.839,10.2,40.42,0.0,6.9,1.2604,,,101.99,15.44,0.0,1.71,2.49,
2024-10-28 08:45:00,0.0,114.3,,0.51,53.086,38.4253,,124.02,15.6,56.42,0.0,0.0,55.4803,0.0,0.0,0,3.2,30.66,0.0,0.0,,45.4,89.92,0.0,0.0,0.0,39.4,197.753,0.0,0.0,799.0,501.0,42.2,0.01,4.26,78.1,0.0,0.0,17.0232,0.0,0.0,0.2,566.549987793,0.0,65.02,13.6,17.4,0.81,0.0,209.95,,0.0,141.836,0.1,85.04,0.0,664.324,10.0,35.52,0.0,5.0,22.8916,,,102.02,19.32,0.0,0.0,1.59,
2024-10-28 08:50:00,0.0,111.7,,0.49,50.474,37.0458,,116.8,14.2,56.31,0.0,0.0,53.7149,0.0,0.0,0,2.8,42.65,0.0,0.0,,41.5,2.47,0.0,0.0,0.0,32.4,200.24,0.0,0.0,815.0,505.875,46.3,0.01,4.725,55.22,0.0,0.0,17.1163,0.0,0.0,0.0,667.640014648,0.0,65.01,13.9,18.8,0.81,0.0,198.42,,0.0,130.697,0.1,85.02,0.0,678.404,8.0,29.21,0.0,6.4,2.24918,,,102.0,2.64,0.0,0.0,1.64,
2024-10-28 08:55:00,0.0,96.9,,0.49,50.879,40.4089,,111.73,13.8,53.09,0.0,0.0,49.2769,0.0,0.0,0,1.5,43.55,0.0,0.0,,43.7,0.09,0.0,0.0,0.0,35.9,200.324,0.0,0.0,803.0,496.125,51.2,0.01,2.91,43.45,0.0,0.0,14.1926,0.0,0.0,0.2,630.570007324,0.0,65.03,10.7,18.4,0.81,0.0,191.3,,0.0,125.582,0.1,85.04,0.0,663.29,9.4,32.33,0.0,4.3,8.92042,,,101.97,15.26,0.0,0.0,2.45,
2024-10-28 09:00:00,0.0,101.6,,0.47,52.784,43.2166,,102.88,12.4,52.41,0.0,0.0,48.5007,0.0,0.0,0,2.2,36.25,0.0,0.0,,45.4,0.21,0.0,0.0,0.0,34.1,195.205,0.0,0.0,800.0,496.5,53.7,0.01,4.86,43.85,0.0,0.0,16.5243,0.0,0.0,0.2,677.630004883,0.0,64.89,11.6,19.6,0.81,0.0,194.91,,0.0,114.527,0.1,84.96,0.0,663.73,9.7,30.71,0.0,4.4,0.0,,,101.99,0.3,0.0,0.0,2.76,
2024-10-28 09:05:00,0.0,92.9,,0.51,46.189,45.7191,,93.77,11.8,51.24,0.0,0.0,40.9067,0.0,0.0,0,1.9,34.9,0.0,0.0,,45.4,0.13,0.0,0.0,0.0,40.7,199.416,0.0,0.0,816.0,489.375,63.4,0.01,5.37,37.4,0.0,0.0,18.6026,0.0,0.0,0.1,542.590026855,0.0,65.07,10.7,19.8,0.81,0.0,196.71,,0.0,109.943,0.0,82.55,0.0,671.692,8.5,36.63,0.0,3.7,0.0,,,102.0,0.0,0.0,0.0,0.92,
2024-10-28 09:10:00,0.0,90.2,,31.02,44.998,47.2511,,88.04,11.6,50.9,0.0,0.0,40.7573,0.0,0.0,0,2.3,40.22,0.0,0.0,,43.1,89.36,0.0,0.0,0.0,82.8,198.463,0.0,0.0,798.0,491.25,53.4,0.01,4.59,39.1,0.0,7.02,18.2775,0.0,0.0,0.6,300.929992676,0.0,64.98,11.1,15.4,0.81,0.0,215.3,,0.0,103.145,28.3,82.39,0.1,663.572,9.4,76.33,0.0,3.5,27.4815,,,102.03,46.58,0.0,0.0,2.14,
2024-10-28 09:15:00,0.0,90.0,,12.09,46.768,46.9276,,89.29,12.5,55.18,0.0,0.0,39.0123,0.0,0.0,0,2.1,38.73,0.0,0.0,,45.5,3.12,0.0,0.0,0.0,87.9,194.182,0.0,0.0,798.0,491.25,46.4,0.01,4.23,39.25,0.0,0.0,16.5899,0.0,0.0,0.2,431.179992676,0.0,64.99,17.4,13.5,0.81,0.0,220.83,,0.0,113.033,12.1,8.23,0.0,651.152,7.8,76.41,0.0,4.2,0.60731,,,102.01,1.1,0.0,0.0,3.44,
2024-10-28 09:20:00,0.0,89.8,,33.67,46.517,39.762,,83.1,11.3,50.61,0.0,0.0,34.9798,0.0,0.0,0,3.9,47.21,0.0,0.0,,45.6,0.05,0.0,0.0,0.0,74.0,199.76,0.0,0.0,811.0,489.375,53.0,0.01,4.305,46.21,0.0,0.0,16.6219,0.0,0.0,0.4,220.419998169,0.0,65.03,14.8,11.6,0.81,0.0,205.66,,0.0,96.931,31.6,83.55,0.0,652.999,7.5,76.5,0.0,2.5,0.0,,,102.01,0.0,0.0,0.0,2.68,
2024-10-28 09:25:00,0.0,89.9,,31.44,55.973,42.118,,78.42,12.3,43.33,0.0,0.0,33.8227,0.0,0.0,0,4.1,37.62,0.0,0.0,,45.4,0.16,0.0,0.0,0.0,88.0,199.653,0.0,0.0,812.0,490.875,61.1,0.01,4.185,40.89,0.0,0.0,19.6005,0.0,0.0,0.0,296.850006104,0.0,65.0,15.8,12.2,0.81,0.0,231.61,,0.0,95.087,31.5,8.62,0.0,640.172,7.0,76.62,0.0,4.8,0.0,,,101.98,0.0,0.0,0.0,2.21,
2024-10-28 09:30:00,0.0,96.6,,0.65,54.347,17.5021,,75.21,13.3,46.83,0.0,0.0,29.5014,0.0,0.0,0,3.3,10.54,0.0,0.0,,45.4,0.13,0.0,0.0,0.0,45.8,199.752,0.0,0.0,828.0,490.125,2.5,0.01,3.72,38.5,0.0,0.0,0.0,0.0,0.0,0.1,886.609985352,0.0,64.99,0.0,12.8,0.81,0.0,0.0,,0.0,95.227,3.2,2.06,0.1,639.041,5.3,39.07,0.0,4.5,0.0,,,49.41,0.0,0.0,0.0,2.11,
2024-10-28 09:35:00,0.0,87.7,,79.91,56.458,57.084,,73.58,15.5,4.41,0.0,0.0,30.7988,0.0,0.0,0,1.4,72.86,0.0,0.0,,45.4,89.63,0.0,0.0,0.0,83.0,21.1681,0.0,0.0,798.0,492.0,60.3,0.01,3.375,60.86,0.0,49.98,13.7135,0.0,0.0,0.2,261.320007324,0.0,65.0,2.0,12.0,0.81,0.0,0.0,,0.0,86.919,70.8,84.43,0.1,626.343,5.3,76.14,0.0,5.2,23.9414,,,101.97,19.38,15.0,2.87,2.78,
2024-10-28 09:40:00,0.0,88.8,,51.2,52.909,3.06096,,75.21,14.2,0.0,0.0,0.0,31.5392,0.0,0.0,0,1.7,4.11,0.0,0.0,,45.4,3.53,0.0,0.0,0.0,87.9,174.315,0.0,0.0,814.0,491.625,0.0,0.01,5.1,41.3,0.0,0.0,0.0,0.0,0.0,0.2,596.369995117,0.0,65.06,18.9,12.2,0.81,0.0,0.0,,0.0,97.0,54.1,9.33,0.0,621.325,4.6,0.18,0.0,5.7,0.95521,,,42.81,15.32,15.02,0.16,2.0,
2024-10-28 09:45:00,0.0,95.4,,9.92,56.89,0.0,,59.25,12.4,0.0,0.0,0.0,34.2815,0.0,0.0,0,1.1,0.0,0.0,0.0,,42.9,0.15,0.0,0.0,0.0,87.9,19.6346,0.0,0.0,800.0,491.625,0.0,0.01,5.115,38.66,0.0,0.0,0.0,0.0,0.0,0.2,1009.91998291,0.0,65.08,0.0,10.0,0.81,0.0,0.0,,0.0,109.154,14.8,2.02,0.0,625.496,5.3,76.07,0.0,5.2,0.0,,,41.51,0.0,15.02,0.0,2.83,
